mibcli,2025-11-05T14:36:10,get,FAP_LTE.0.LTE_ENB_TYPE:+LTE_UL_PRB_USAGE:+LTE_UL_PRB_RSSI_REPORT_ENABLE:+LTE_CELL_IDENTITY:+LTE_CELL_POWER_MODIFY:+LTE_PHY_CELLID_LIST:+LTE_EARFCNDL_LIST:+LTE_EARFCNUL_LIST:+LTE_DL_BANDWIDTH:+LTE_FREQ_BAND_INDICATOR:+LTE_TAC:+LTE_DL_PRB_USAGE:+LTE_UE_SPEED_STATISTICS:+LTE_TDD_SPECIAL_SUB_FRAME_PATTERNS:+LTE_TDD_SUBFRAME_ASSIGNMENT:+LTE_RF_CARRIER_COMMON_ADMIN_STATE:+LTE_X_RADISYS_NUM_OF_CELLS:+LTE_TOT_UL_TPT:+LTE_TOT_DL_TPT:+LTE_EXIST_PLMNID_LIST:+LTE_CELL_POWER_SET_ENABLE,success,
mibcli,2025-11-05T14:36:11,get,FAP_LTE.1.LTE_UL_PRB_USAGE:+LTE_CELL_IDENTITY:+LTE_CELL_POWER_MODIFY:+LTE_PHY_CELLID_LIST:+LTE_EARFCNDL_LIST:+LTE_EARFCNUL_LIST:+LTE_DL_BANDWIDTH:+LTE_FREQ_BAND_INDICATOR:+LTE_DL_PRB_USAGE:+LTE_RF_CARRIER_COMMON_ADMIN_STATE:+LTE_UE_SPEED_STATISTICS:+LTE_TOT_UL_TPT:+LTE_TOT_DL_TPT:+LTE_EXIST_PLMNID_LIST:+LTE_CELL_POWER_SET_ENABLE,success,
mibcli,2025-11-05T14:36:11,getobject,FAP_LTE.0.LTE_RAN_MOB_IDLE_MODE_INTER_FREQ_CARRIER,Failed,Object Not Found
mibcli,2025-11-05T14:36:11,getobject,FAP_LTE.1.LTE_RAN_MOB_IDLE_MODE_INTER_FREQ_CARRIER,Failed,Object Not Found
mibcli,2025-11-05T14:36:11,getobject,FAP.0.MOCN_CFG,Failed,Object Not Found
mibcli,2025-11-05T14:36:11,getobject,FAP.0.SIMPLE_LBT_STATUS,success,
mibcli,2025-11-05T14:36:11,getobjectinstance,FAP.0.MULTI_CFG,success,
mibcli,2025-11-05T14:36:11,get,FAP_LTE.0.LTE_HOME_NODEB_NAME,success,
mibcli,2025-11-05T14:36:11,get,FAP_LTE.1.LTE_HOME_NODEB_NAME,success,
mibcli,2025-11-05T14:36:11,get,FAP_LTE.0.LTE_TOTCHART_DL_PRB:+LTE_TOTCHART_UL_PRB:+LTE_TOTCHART_DL_TPT:+LTE_TOTCHART_UL_TPT:+LTE_TOT_DL_TPT:+LTE_TOT_UL_TPT:+LTE_UL_PRB_USAGE:+LTE_DL_PRB_USAGE,success,
mibcli,2025-11-05T14:36:11,get,FAP_LTE.1.LTE_TOTCHART_DL_PRB:+LTE_TOTCHART_UL_PRB:+LTE_TOTCHART_DL_TPT:+LTE_TOTCHART_UL_TPT:+LTE_TOT_DL_TPT:+LTE_TOT_UL_TPT:+LTE_UL_PRB_USAGE:+LTE_DL_PRB_USAGE,success,
mibcli,2025-11-05T14:36:39,get,FAP.0.LOCAL_TIMEZONE_OFFSET_TO_GMT,success,
mibcli,2025-11-05T14:36:39,getobject,FAP.0.TR196_CURRENT_ALARM,Failed,Object Not Found
mibcli,2025-11-05T14:36:39,getobject,FAP.0.TR196_HISTORY_EVENT,success,
mibcli,2025-11-05T14:36:42,get,FAP.0.LTE_MME_SHARED_ENABLE:+LTE_MOCN_PLMN_PRIMARY:+LTE_SIMPLE_LBT_ENABLE:+LTE_ENB_TYPE:+HMS_CONNECTED_STATE:+GPS_ANT_STATUS:+TUNNEL_CONFIG1_TUNNELENABLE:+TUNNEL_CONFIG2_TUNNELENABLE:+TUNNEL_CONFIG1_LINK_STATUS:+TUNNEL_CONFIG2_LINK_STATUS:+LTE_POOL_IPSEC1_ADDRESS:+LTE_POOL_IPSEC2_ADDRESS:+MAX_TX_POWER:+TOGGLE_SWITCH:+LTE_LICENSE_DC_AVAILABLE:+LTE_MMELIST_TUNNEL_MAP:+LTE_POOL_MME_LIST1:+LTE_POOL_MME_LIST2:+LTE_LICENSE_CA_AVAILABLE:+LTE_S1SIG_LINK_PORT:+MODULE_TYPE:+MME_IP_INTERFACE:+TFCS_MANAGER_CONFIG_PRIMSRC:+LTE_MME_IP_PLMN_LIST:+SUPPORTED_EXACT_POWER_RANGE:+LTE_MME_PLMN_STATUS:+LTE_S1CON_MODE:+TR069_SW_VERSION_STRING:+LONG_SERIAL_NUMBER:+REM_STATUS:+TFCS_SYNC_MGR_STATE:+LTE_RFTX_OP_STATE:+MME_STATUS:+LTE_LBO_TRANSFER_MODE:+LTE_LBO_SWITCH:+LTE_GET_IMSI_SWITCH:+SFP_STATUS:+SAS_ENABLE_MODE:+LTE_HALOB_ENABLE_STATE:+LTE_LICENSE_HALOB_CENTRALIZED_MODE_AVAILABLE:+LTE_LICENSE_HALOB_SINGLE_MODE_AVAILABLE:+ETH1_STATUS_SPEED:+ETH1_STATUS_LINK_STATUS:+LTE_MME_POOL_ENABLE:+LTE_MMEPOOL1_STATUS:+LTE_MMEPOOL2_STATUS:+WAN_CONFIG1_CONNECT_TYPE:+LTE_X_RADISYS_CA_ENABLE:+SAS_STATUS:+SAS_STATUS2:+SAS_OPERATION_STATUS:+UPTIME_STATUS:+IPSEC_ENABLE:,COMMISSIONING.0.UNIT_MAC_ADDRESS,success,
mibcli,2025-11-05T14:36:42,get,FAP_LTE.0.LTE_ENB_TYPE:+LTE_UL_PRB_USAGE:+LTE_UL_PRB_RSSI_REPORT_ENABLE:+LTE_CELL_IDENTITY:+LTE_CELL_POWER_MODIFY:+LTE_PHY_CELLID_LIST:+LTE_EARFCNDL_LIST:+LTE_EARFCNUL_LIST:+LTE_DL_BANDWIDTH:+LTE_FREQ_BAND_INDICATOR:+LTE_TAC:+LTE_DL_PRB_USAGE:+LTE_UE_SPEED_STATISTICS:+LTE_TDD_SPECIAL_SUB_FRAME_PATTERNS:+LTE_TDD_SUBFRAME_ASSIGNMENT:+LTE_RF_CARRIER_COMMON_ADMIN_STATE:+LTE_X_RADISYS_NUM_OF_CELLS:+LTE_TOT_UL_TPT:+LTE_TOT_DL_TPT:+LTE_EXIST_PLMNID_LIST:+LTE_CELL_POWER_SET_ENABLE,success,
mibcli,2025-11-05T14:36:42,get,FAP_LTE.1.LTE_UL_PRB_USAGE:+LTE_CELL_IDENTITY:+LTE_CELL_POWER_MODIFY:+LTE_PHY_CELLID_LIST:+LTE_EARFCNDL_LIST:+LTE_EARFCNUL_LIST:+LTE_DL_BANDWIDTH:+LTE_FREQ_BAND_INDICATOR:+LTE_DL_PRB_USAGE:+LTE_RF_CARRIER_COMMON_ADMIN_STATE:+LTE_UE_SPEED_STATISTICS:+LTE_TOT_UL_TPT:+LTE_TOT_DL_TPT:+LTE_EXIST_PLMNID_LIST:+LTE_CELL_POWER_SET_ENABLE,success,
mibcli,2025-11-05T14:36:42,getobject,FAP_LTE.0.LTE_RAN_MOB_IDLE_MODE_INTER_FREQ_CARRIER,Failed,Object Not Found
mibcli,2025-11-05T14:36:43,getobject,FAP_LTE.1.LTE_RAN_MOB_IDLE_MODE_INTER_FREQ_CARRIER,Failed,Object Not Found
mibcli,2025-11-05T14:36:43,getobject,FAP.0.MOCN_CFG,Failed,Object Not Found
mibcli,2025-11-05T14:36:43,getobject,FAP.0.SIMPLE_LBT_STATUS,success,
mibcli,2025-11-05T14:36:43,getobjectinstance,FAP.0.MULTI_CFG,success,
mibcli,2025-11-05T14:36:43,get,FAP_LTE.0.LTE_HOME_NODEB_NAME,success,
mibcli,2025-11-05T14:36:43,get,FAP_LTE.1.LTE_HOME_NODEB_NAME,success,
mibcli,2025-11-05T14:36:43,get,FAP_LTE.0.LTE_TOTCHART_DL_PRB:+LTE_TOTCHART_UL_PRB:+LTE_TOTCHART_DL_TPT:+LTE_TOTCHART_UL_TPT:+LTE_TOT_DL_TPT:+LTE_TOT_UL_TPT:+LTE_UL_PRB_USAGE:+LTE_DL_PRB_USAGE,success,
mibcli,2025-11-05T14:36:43,get,FAP_LTE.1.LTE_TOTCHART_DL_PRB:+LTE_TOTCHART_UL_PRB:+LTE_TOTCHART_DL_TPT:+LTE_TOTCHART_UL_TPT:+LTE_TOT_DL_TPT:+LTE_TOT_UL_TPT:+LTE_UL_PRB_USAGE:+LTE_DL_PRB_USAGE,success,
mibcli,2025-11-05T14:37:14,get,FAP.0.LTE_MME_SHARED_ENABLE:+LTE_MOCN_PLMN_PRIMARY:+LTE_SIMPLE_LBT_ENABLE:+LTE_ENB_TYPE:+HMS_CONNECTED_STATE:+GPS_ANT_STATUS:+TUNNEL_CONFIG1_TUNNELENABLE:+TUNNEL_CONFIG2_TUNNELENABLE:+TUNNEL_CONFIG1_LINK_STATUS:+TUNNEL_CONFIG2_LINK_STATUS:+LTE_POOL_IPSEC1_ADDRESS:+LTE_POOL_IPSEC2_ADDRESS:+MAX_TX_POWER:+TOGGLE_SWITCH:+LTE_LICENSE_DC_AVAILABLE:+LTE_MMELIST_TUNNEL_MAP:+LTE_POOL_MME_LIST1:+LTE_POOL_MME_LIST2:+LTE_LICENSE_CA_AVAILABLE:+LTE_S1SIG_LINK_PORT:+MODULE_TYPE:+MME_IP_INTERFACE:+TFCS_MANAGER_CONFIG_PRIMSRC:+LTE_MME_IP_PLMN_LIST:+SUPPORTED_EXACT_POWER_RANGE:+LTE_MME_PLMN_STATUS:+LTE_S1CON_MODE:+TR069_SW_VERSION_STRING:+LONG_SERIAL_NUMBER:+REM_STATUS:+TFCS_SYNC_MGR_STATE:+LTE_RFTX_OP_STATE:+MME_STATUS:+LTE_LBO_TRANSFER_MODE:+LTE_LBO_SWITCH:+LTE_GET_IMSI_SWITCH:+SFP_STATUS:+SAS_ENABLE_MODE:+LTE_HALOB_ENABLE_STATE:+LTE_LICENSE_HALOB_CENTRALIZED_MODE_AVAILABLE:+LTE_LICENSE_HALOB_SINGLE_MODE_AVAILABLE:+ETH1_STATUS_SPEED:+ETH1_STATUS_LINK_STATUS:+LTE_MME_POOL_ENABLE:+LTE_MMEPOOL1_STATUS:+LTE_MMEPOOL2_STATUS:+WAN_CONFIG1_CONNECT_TYPE:+LTE_X_RADISYS_CA_ENABLE:+SAS_STATUS:+SAS_STATUS2:+SAS_OPERATION_STATUS:+UPTIME_STATUS:+IPSEC_ENABLE:,COMMISSIONING.0.UNIT_MAC_ADDRESS,success,
mibcli,2025-11-05T14:37:14,get,FAP_LTE.0.LTE_ENB_TYPE:+LTE_UL_PRB_USAGE:+LTE_UL_PRB_RSSI_REPORT_ENABLE:+LTE_CELL_IDENTITY:+LTE_CELL_POWER_MODIFY:+LTE_PHY_CELLID_LIST:+LTE_EARFCNDL_LIST:+LTE_EARFCNUL_LIST:+LTE_DL_BANDWIDTH:+LTE_FREQ_BAND_INDICATOR:+LTE_TAC:+LTE_DL_PRB_USAGE:+LTE_UE_SPEED_STATISTICS:+LTE_TDD_SPECIAL_SUB_FRAME_PATTERNS:+LTE_TDD_SUBFRAME_ASSIGNMENT:+LTE_RF_CARRIER_COMMON_ADMIN_STATE:+LTE_X_RADISYS_NUM_OF_CELLS:+LTE_TOT_UL_TPT:+LTE_TOT_DL_TPT:+LTE_EXIST_PLMNID_LIST:+LTE_CELL_POWER_SET_ENABLE,success,
mibcli,2025-11-05T14:37:14,get,FAP_LTE.1.LTE_UL_PRB_USAGE:+LTE_CELL_IDENTITY:+LTE_CELL_POWER_MODIFY:+LTE_PHY_CELLID_LIST:+LTE_EARFCNDL_LIST:+LTE_EARFCNUL_LIST:+LTE_DL_BANDWIDTH:+LTE_FREQ_BAND_INDICATOR:+LTE_DL_PRB_USAGE:+LTE_RF_CARRIER_COMMON_ADMIN_STATE:+LTE_UE_SPEED_STATISTICS:+LTE_TOT_UL_TPT:+LTE_TOT_DL_TPT:+LTE_EXIST_PLMNID_LIST:+LTE_CELL_POWER_SET_ENABLE,success,
mibcli,2025-11-05T14:37:15,getobject,FAP_LTE.0.LTE_RAN_MOB_IDLE_MODE_INTER_FREQ_CARRIER,Failed,Object Not Found
mibcli,2025-11-05T14:37:15,getobject,FAP_LTE.1.LTE_RAN_MOB_IDLE_MODE_INTER_FREQ_CARRIER,Failed,Object Not Found
mibcli,2025-11-05T14:37:15,getobject,FAP.0.MOCN_CFG,Failed,Object Not Found
mibcli,2025-11-05T14:37:15,getobject,FAP.0.SIMPLE_LBT_STATUS,success,
mibcli,2025-11-05T14:37:15,getobjectinstance,FAP.0.MULTI_CFG,success,
mibcli,2025-11-05T14:37:15,get,FAP_LTE.0.LTE_HOME_NODEB_NAME,success,
mibcli,2025-11-05T14:37:15,get,FAP_LTE.1.LTE_HOME_NODEB_NAME,success,
mibcli,2025-11-05T14:37:15,get,FAP_LTE.0.LTE_TOTCHART_DL_PRB:+LTE_TOTCHART_UL_PRB:+LTE_TOTCHART_DL_TPT:+LTE_TOTCHART_UL_TPT:+LTE_TOT_DL_TPT:+LTE_TOT_UL_TPT:+LTE_UL_PRB_USAGE:+LTE_DL_PRB_USAGE,success,
mibcli,2025-11-05T14:37:15,get,FAP_LTE.1.LTE_TOTCHART_DL_PRB:+LTE_TOTCHART_UL_PRB:+LTE_TOTCHART_DL_TPT:+LTE_TOTCHART_UL_TPT:+LTE_TOT_DL_TPT:+LTE_TOT_UL_TPT:+LTE_UL_PRB_USAGE:+LTE_DL_PRB_USAGE,success,
mibcli,2025-11-05T14:37:40,get,FAP.0.LOCAL_TIMEZONE_OFFSET_TO_GMT,success,
mibcli,2025-11-05T14:37:40,getobject,FAP.0.TR196_CURRENT_ALARM,Failed,Object Not Found
mibcli,2025-11-05T14:37:40,getobject,FAP.0.TR196_HISTORY_EVENT,success,
mibcli,2025-11-05T14:37:45,get,FAP.0.LTE_MME_SHARED_ENABLE:+LTE_MOCN_PLMN_PRIMARY:+LTE_SIMPLE_LBT_ENABLE:+LTE_ENB_TYPE:+HMS_CONNECTED_STATE:+GPS_ANT_STATUS:+TUNNEL_CONFIG1_TUNNELENABLE:+TUNNEL_CONFIG2_TUNNELENABLE:+TUNNEL_CONFIG1_LINK_STATUS:+TUNNEL_CONFIG2_LINK_STATUS:+LTE_POOL_IPSEC1_ADDRESS:+LTE_POOL_IPSEC2_ADDRESS:+MAX_TX_POWER:+TOGGLE_SWITCH:+LTE_LICENSE_DC_AVAILABLE:+LTE_MMELIST_TUNNEL_MAP:+LTE_POOL_MME_LIST1:+LTE_POOL_MME_LIST2:+LTE_LICENSE_CA_AVAILABLE:+LTE_S1SIG_LINK_PORT:+MODULE_TYPE:+MME_IP_INTERFACE:+TFCS_MANAGER_CONFIG_PRIMSRC:+LTE_MME_IP_PLMN_LIST:+SUPPORTED_EXACT_POWER_RANGE:+LTE_MME_PLMN_STATUS:+LTE_S1CON_MODE:+TR069_SW_VERSION_STRING:+LONG_SERIAL_NUMBER:+REM_STATUS:+TFCS_SYNC_MGR_STATE:+LTE_RFTX_OP_STATE:+MME_STATUS:+LTE_LBO_TRANSFER_MODE:+LTE_LBO_SWITCH:+LTE_GET_IMSI_SWITCH:+SFP_STATUS:+SAS_ENABLE_MODE:+LTE_HALOB_ENABLE_STATE:+LTE_LICENSE_HALOB_CENTRALIZED_MODE_AVAILABLE:+LTE_LICENSE_HALOB_SINGLE_MODE_AVAILABLE:+ETH1_STATUS_SPEED:+ETH1_STATUS_LINK_STATUS:+LTE_MME_POOL_ENABLE:+LTE_MMEPOOL1_STATUS:+LTE_MMEPOOL2_STATUS:+WAN_CONFIG1_CONNECT_TYPE:+LTE_X_RADISYS_CA_ENABLE:+SAS_STATUS:+SAS_STATUS2:+SAS_OPERATION_STATUS:+UPTIME_STATUS:+IPSEC_ENABLE:,COMMISSIONING.0.UNIT_MAC_ADDRESS,success,
mibcli,2025-11-05T14:37:45,get,FAP_LTE.0.LTE_ENB_TYPE:+LTE_UL_PRB_USAGE:+LTE_UL_PRB_RSSI_REPORT_ENABLE:+LTE_CELL_IDENTITY:+LTE_CELL_POWER_MODIFY:+LTE_PHY_CELLID_LIST:+LTE_EARFCNDL_LIST:+LTE_EARFCNUL_LIST:+LTE_DL_BANDWIDTH:+LTE_FREQ_BAND_INDICATOR:+LTE_TAC:+LTE_DL_PRB_USAGE:+LTE_UE_SPEED_STATISTICS:+LTE_TDD_SPECIAL_SUB_FRAME_PATTERNS:+LTE_TDD_SUBFRAME_ASSIGNMENT:+LTE_RF_CARRIER_COMMON_ADMIN_STATE:+LTE_X_RADISYS_NUM_OF_CELLS:+LTE_TOT_UL_TPT:+LTE_TOT_DL_TPT:+LTE_EXIST_PLMNID_LIST:+LTE_CELL_POWER_SET_ENABLE,success,
mibcli,2025-11-05T14:37:45,get,FAP_LTE.1.LTE_UL_PRB_USAGE:+LTE_CELL_IDENTITY:+LTE_CELL_POWER_MODIFY:+LTE_PHY_CELLID_LIST:+LTE_EARFCNDL_LIST:+LTE_EARFCNUL_LIST:+LTE_DL_BANDWIDTH:+LTE_FREQ_BAND_INDICATOR:+LTE_DL_PRB_USAGE:+LTE_RF_CARRIER_COMMON_ADMIN_STATE:+LTE_UE_SPEED_STATISTICS:+LTE_TOT_UL_TPT:+LTE_TOT_DL_TPT:+LTE_EXIST_PLMNID_LIST:+LTE_CELL_POWER_SET_ENABLE,success,
mibcli,2025-11-05T14:37:46,getobject,FAP_LTE.0.LTE_RAN_MOB_IDLE_MODE_INTER_FREQ_CARRIER,Failed,Object Not Found
mibcli,2025-11-05T14:37:46,getobject,FAP_LTE.1.LTE_RAN_MOB_IDLE_MODE_INTER_FREQ_CARRIER,Failed,Object Not Found
mibcli,2025-11-05T14:37:46,getobject,FAP.0.MOCN_CFG,Failed,Object Not Found
mibcli,2025-11-05T14:37:46,getobject,FAP.0.SIMPLE_LBT_STATUS,success,
mibcli,2025-11-05T14:37:46,getobjectinstance,FAP.0.MULTI_CFG,success,
mibcli,2025-11-05T14:37:46,get,FAP_LTE.0.LTE_HOME_NODEB_NAME,success,
mibcli,2025-11-05T14:37:46,get,FAP_LTE.1.LTE_HOME_NODEB_NAME,success,
mibcli,2025-11-05T14:37:46,get,FAP_LTE.0.LTE_TOTCHART_DL_PRB:+LTE_TOTCHART_UL_PRB:+LTE_TOTCHART_DL_TPT:+LTE_TOTCHART_UL_TPT:+LTE_TOT_DL_TPT:+LTE_TOT_UL_TPT:+LTE_UL_PRB_USAGE:+LTE_DL_PRB_USAGE,success,
mibcli,2025-11-05T14:37:46,get,FAP_LTE.1.LTE_TOTCHART_DL_PRB:+LTE_TOTCHART_UL_PRB:+LTE_TOTCHART_DL_TPT:+LTE_TOTCHART_UL_TPT:+LTE_TOT_DL_TPT:+LTE_TOT_UL_TPT:+LTE_UL_PRB_USAGE:+LTE_DL_PRB_USAGE,success,
mibcli,2025-11-05T14:37:56,get,FAP.0.LTE_ENB_NAME_ENABLE:+HALOD_MODE:+HIDE_SENSITIVE_ENABLE:+MANUFACTURER:+UPTIME_STATUS:+LTE_LBO_SWITCH:+MODULE_TYPE:+EX_MODULE_TYPE:+LANGUAGE_CHOOSE:+DUPLEX_MODE:+TR069_SW_VERSION_STRING:+LONG_SERIAL_NUMBER:+LTE_HALOB_ENABLE_STATE:+LTE_X_RADISYS_CA_ENABLE:+LTE_LICENSE_HALOB_SINGLE_MODE_AVAILABLE:+LTE_LICENSE_HALOB_CENTRALIZED_MODE_AVAILABLE:+LMT_PRIMARY_STATUS:+SAS_ENABLE_MODE:,COMMISSIONING.0.UNIT_MAC_ADDRESS,success,
mibcli,2025-11-05T14:37:56,get,FAP_LTE.0.LTE_ENB_TYPE:+LTE_X_RADISYS_NUM_OF_CELLS,success,
mibcli,2025-11-05T14:37:56,get,FAP_LTE.0.LTE_HOME_NODEB_NAME,success,
mibcli,2025-11-05T14:37:56,get,FAP_LTE.1.LTE_HOME_NODEB_NAME,success,
mibcli,2025-11-05T14:37:57,set,FAP.0.LTE_LOG_FLUSH_ENABLE:=1,success,
mibcli,2025-11-05T14:38:41,get,FAP.0.LOCAL_TIMEZONE_OFFSET_TO_GMT,success,
mibcli,2025-11-05T14:38:41,getobject,FAP.0.TR196_CURRENT_ALARM,Failed,Object Not Found
mibcli,2025-11-05T14:38:41,getobject,FAP.0.TR196_HISTORY_EVENT,success,
mibcli,2025-11-05T14:39:42,get,FAP.0.LOCAL_TIMEZONE_OFFSET_TO_GMT,success,
mibcli,2025-11-05T14:39:42,getobject,FAP.0.TR196_CURRENT_ALARM,success,
mibcli,2025-11-05T14:39:42,getobject,FAP.0.TR196_HISTORY_EVENT,success,
mibcli,2025-11-05T14:40:43,get,FAP.0.LOCAL_TIMEZONE_OFFSET_TO_GMT,success,
mibcli,2025-11-05T14:40:43,getobject,FAP.0.TR196_CURRENT_ALARM,success,
mibcli,2025-11-05T14:40:43,getobject,FAP.0.TR196_HISTORY_EVENT,success,
mibcli,2025-11-05T14:41:44,get,FAP.0.LOCAL_TIMEZONE_OFFSET_TO_GMT,success,
mibcli,2025-11-05T14:41:44,getobject,FAP.0.TR196_CURRENT_ALARM,success,
mibcli,2025-11-05T14:41:44,getobject,FAP.0.TR196_HISTORY_EVENT,success,
mibcli,2025-11-05T14:42:45,get,FAP.0.LOCAL_TIMEZONE_OFFSET_TO_GMT,success,
mibcli,2025-11-05T14:42:45,getobject,FAP.0.TR196_CURRENT_ALARM,success,
mibcli,2025-11-05T14:42:45,getobject,FAP.0.TR196_HISTORY_EVENT,success,
mibcli,2025-11-05T14:43:46,get,FAP.0.LOCAL_TIMEZONE_OFFSET_TO_GMT,success,
mibcli,2025-11-05T14:43:46,getobject,FAP.0.TR196_CURRENT_ALARM,success,
mibcli,2025-11-05T14:43:46,getobject,FAP.0.TR196_HISTORY_EVENT,success,
mibcli,2025-11-05T14:44:47,get,FAP.0.LOCAL_TIMEZONE_OFFSET_TO_GMT,success,
mibcli,2025-11-05T14:44:47,getobject,FAP.0.TR196_CURRENT_ALARM,success,
mibcli,2025-11-05T14:44:47,getobject,FAP.0.TR196_HISTORY_EVENT,success,
mibcli,2025-11-05T14:45:48,get,FAP.0.LOCAL_TIMEZONE_OFFSET_TO_GMT,success,
mibcli,2025-11-05T14:45:48,getobject,FAP.0.TR196_CURRENT_ALARM,success,
mibcli,2025-11-05T14:45:48,getobject,FAP.0.TR196_HISTORY_EVENT,success,
mibcli,2025-11-05T14:46:49,get,FAP.0.LOCAL_TIMEZONE_OFFSET_TO_GMT,success,
mibcli,2025-11-05T14:46:49,getobject,FAP.0.TR196_CURRENT_ALARM,success,
mibcli,2025-11-05T14:46:49,getobject,FAP.0.TR196_HISTORY_EVENT,success,
mibcli,2025-11-05T14:47:50,get,FAP.0.LOCAL_TIMEZONE_OFFSET_TO_GMT,success,
mibcli,2025-11-05T14:47:50,getobject,FAP.0.TR196_CURRENT_ALARM,success,
mibcli,2025-11-05T14:47:50,getobject,FAP.0.TR196_HISTORY_EVENT,success,
mibcli,2025-11-05T14:49:54,get,FAP.0.LOCAL_TIMEZONE_OFFSET_TO_GMT,success,
mibcli,2025-11-05T14:49:54,get,FAP.0.LTE_X_RADISYS_CA_ENABLE,success,
mibcli,2025-11-05T14:49:54,get,FAP.0.LTE_ENB_NAME_ENABLE:+HALOD_MODE:+HIDE_SENSITIVE_ENABLE:+MANUFACTURER:+UPTIME_STATUS:+LTE_LBO_SWITCH:+MODULE_TYPE:+EX_MODULE_TYPE:+LANGUAGE_CHOOSE:+DUPLEX_MODE:+TR069_SW_VERSION_STRING:+LONG_SERIAL_NUMBER:+LTE_HALOB_ENABLE_STATE:+LTE_X_RADISYS_CA_ENABLE:+LTE_LICENSE_HALOB_SINGLE_MODE_AVAILABLE:+LTE_LICENSE_HALOB_CENTRALIZED_MODE_AVAILABLE:+LMT_PRIMARY_STATUS:+SAS_ENABLE_MODE:,COMMISSIONING.0.UNIT_MAC_ADDRESS,success,
mibcli,2025-11-05T14:49:54,get,FAP.0.LOCAL_WEB_TIMEOUT,success,
mibcli,2025-11-05T14:49:54,getobject,FAP.0.TR196_CURRENT_ALARM,success,
mibcli,2025-11-05T14:49:54,get,FAP_LTE.0.LTE_UL_PRB_RSSI_REPORT_ENABLE:+LTE_X_RADISYS_NUM_OF_CELLS,success,
mibcli,2025-11-05T14:49:54,get,FAP_LTE.0.LTE_ENB_TYPE:+LTE_X_RADISYS_NUM_OF_CELLS,success,
mibcli,2025-11-05T14:49:54,getobject,FAP.0.TR196_HISTORY_EVENT,success,
mibcli,2025-11-05T14:49:54,get,FAP_LTE.1.LTE_UL_PRB_RSSI_REPORT_ENABLE,success,
mibcli,2025-11-05T14:49:54,get,FAP_LTE.0.LTE_HOME_NODEB_NAME,success,
mibcli,2025-11-05T14:49:54,get,FAP_LTE.1.LTE_HOME_NODEB_NAME,success,
mibcli,2025-11-05T14:49:55,get,FAP.0.LTE_ENB_NAME_ENABLE:+HALOD_MODE:+HIDE_SENSITIVE_ENABLE:+MANUFACTURER:+UPTIME_STATUS:+LTE_LBO_SWITCH:+MODULE_TYPE:+EX_MODULE_TYPE:+LANGUAGE_CHOOSE:+DUPLEX_MODE:+TR069_SW_VERSION_STRING:+LONG_SERIAL_NUMBER:+LTE_HALOB_ENABLE_STATE:+LTE_X_RADISYS_CA_ENABLE:+LTE_LICENSE_HALOB_SINGLE_MODE_AVAILABLE:+LTE_LICENSE_HALOB_CENTRALIZED_MODE_AVAILABLE:+LMT_PRIMARY_STATUS:+SAS_ENABLE_MODE:,COMMISSIONING.0.UNIT_MAC_ADDRESS,success,
mibcli,2025-11-05T14:49:55,get,FAP.0.LTE_MME_SHARED_ENABLE:+LTE_MOCN_PLMN_PRIMARY:+LTE_SIMPLE_LBT_ENABLE:+LTE_ENB_TYPE:+HMS_CONNECTED_STATE:+GPS_ANT_STATUS:+TUNNEL_CONFIG1_TUNNELENABLE:+TUNNEL_CONFIG2_TUNNELENABLE:+TUNNEL_CONFIG1_LINK_STATUS:+TUNNEL_CONFIG2_LINK_STATUS:+LTE_POOL_IPSEC1_ADDRESS:+LTE_POOL_IPSEC2_ADDRESS:+MAX_TX_POWER:+TOGGLE_SWITCH:+LTE_LICENSE_DC_AVAILABLE:+LTE_MMELIST_TUNNEL_MAP:+LTE_POOL_MME_LIST1:+LTE_POOL_MME_LIST2:+LTE_LICENSE_CA_AVAILABLE:+LTE_S1SIG_LINK_PORT:+MODULE_TYPE:+MME_IP_INTERFACE:+TFCS_MANAGER_CONFIG_PRIMSRC:+LTE_MME_IP_PLMN_LIST:+SUPPORTED_EXACT_POWER_RANGE:+LTE_MME_PLMN_STATUS:+LTE_S1CON_MODE:+TR069_SW_VERSION_STRING:+LONG_SERIAL_NUMBER:+REM_STATUS:+TFCS_SYNC_MGR_STATE:+LTE_RFTX_OP_STATE:+MME_STATUS:+LTE_LBO_TRANSFER_MODE:+LTE_LBO_SWITCH:+LTE_GET_IMSI_SWITCH:+SFP_STATUS:+SAS_ENABLE_MODE:+LTE_HALOB_ENABLE_STATE:+LTE_LICENSE_HALOB_CENTRALIZED_MODE_AVAILABLE:+LTE_LICENSE_HALOB_SINGLE_MODE_AVAILABLE:+ETH1_STATUS_SPEED:+ETH1_STATUS_LINK_STATUS:+LTE_MME_POOL_ENABLE:+LTE_MMEPOOL1_STATUS:+LTE_MMEPOOL2_STATUS:+WAN_CONFIG1_CONNECT_TYPE:+LTE_X_RADISYS_CA_ENABLE:+SAS_STATUS:+SAS_STATUS2:+SAS_OPERATION_STATUS:+UPTIME_STATUS:+IPSEC_ENABLE:,COMMISSIONING.0.UNIT_MAC_ADDRESS,success,
mibcli,2025-11-05T14:49:55,getobject,FAP_LTE.0.LTE_RAN_MOB_IDLE_MODE_INTER_FREQ_CARRIER,Failed,Object Not Found
mibcli,2025-11-05T14:49:55,get,FAP_LTE.0.LTE_ENB_TYPE:+LTE_X_RADISYS_NUM_OF_CELLS,success,
mibcli,2025-11-05T14:49:56,get,FAP_LTE.0.LTE_ENB_TYPE:+LTE_UL_PRB_USAGE:+LTE_UL_PRB_RSSI_REPORT_ENABLE:+LTE_CELL_IDENTITY:+LTE_CELL_POWER_MODIFY:+LTE_PHY_CELLID_LIST:+LTE_EARFCNDL_LIST:+LTE_EARFCNUL_LIST:+LTE_DL_BANDWIDTH:+LTE_FREQ_BAND_INDICATOR:+LTE_TAC:+LTE_DL_PRB_USAGE:+LTE_UE_SPEED_STATISTICS:+LTE_TDD_SPECIAL_SUB_FRAME_PATTERNS:+LTE_TDD_SUBFRAME_ASSIGNMENT:+LTE_RF_CARRIER_COMMON_ADMIN_STATE:+LTE_X_RADISYS_NUM_OF_CELLS:+LTE_TOT_UL_TPT:+LTE_TOT_DL_TPT:+LTE_EXIST_PLMNID_LIST:+LTE_CELL_POWER_SET_ENABLE,success,
mibcli,2025-11-05T14:49:56,getobject,FAP_LTE.1.LTE_RAN_MOB_IDLE_MODE_INTER_FREQ_CARRIER,Failed,Object Not Found
mibcli,2025-11-05T14:49:56,get,FAP_LTE.0.LTE_HOME_NODEB_NAME,success,
mibcli,2025-11-05T14:49:56,get,FAP_LTE.1.LTE_UL_PRB_USAGE:+LTE_CELL_IDENTITY:+LTE_CELL_POWER_MODIFY:+LTE_PHY_CELLID_LIST:+LTE_EARFCNDL_LIST:+LTE_EARFCNUL_LIST:+LTE_DL_BANDWIDTH:+LTE_FREQ_BAND_INDICATOR:+LTE_DL_PRB_USAGE:+LTE_RF_CARRIER_COMMON_ADMIN_STATE:+LTE_UE_SPEED_STATISTICS:+LTE_TOT_UL_TPT:+LTE_TOT_DL_TPT:+LTE_EXIST_PLMNID_LIST:+LTE_CELL_POWER_SET_ENABLE,success,
mibcli,2025-11-05T14:49:56,getobject,FAP_LTE.0.LTE_RAN_NEIGH_LIST_LTE_CELL,Failed,Object Not Found
mibcli,2025-11-05T14:49:56,get,FAP_LTE.1.LTE_HOME_NODEB_NAME,success,
mibcli,2025-11-05T14:49:56,getobject,FAP_LTE.0.LTE_RAN_MOB_IDLE_MODE_INTER_FREQ_CARRIER,Failed,Object Not Found
mibcli,2025-11-05T14:49:56,getobject,FAP_LTE.1.LTE_RAN_NEIGH_LIST_LTE_CELL,Failed,Object Not Found
mibcli,2025-11-05T14:49:56,getobject,FAP_LTE.1.LTE_RAN_MOB_IDLE_MODE_INTER_FREQ_CARRIER,Failed,Object Not Found
mibcli,2025-11-05T14:49:56,getobject,FAP.0.MOCN_CFG,Failed,Object Not Found
mibcli,2025-11-05T14:49:56,getobject,FAP.0.SIMPLE_LBT_STATUS,success,
mibcli,2025-11-05T14:49:56,getobjectinstance,FAP.0.MULTI_CFG,success,
mibcli,2025-11-05T14:49:57,get,FAP_LTE.0.LTE_HOME_NODEB_NAME,success,
mibcli,2025-11-05T14:49:57,get,FAP_LTE.1.LTE_HOME_NODEB_NAME,success,
mibcli,2025-11-05T14:49:57,get,FAP_LTE.0.LTE_TOTCHART_DL_PRB:+LTE_TOTCHART_UL_PRB:+LTE_TOTCHART_DL_TPT:+LTE_TOTCHART_UL_TPT:+LTE_TOT_DL_TPT:+LTE_TOT_UL_TPT:+LTE_UL_PRB_USAGE:+LTE_DL_PRB_USAGE,success,
mibcli,2025-11-05T14:49:57,get,FAP_LTE.1.LTE_TOTCHART_DL_PRB:+LTE_TOTCHART_UL_PRB:+LTE_TOTCHART_DL_TPT:+LTE_TOTCHART_UL_TPT:+LTE_TOT_DL_TPT:+LTE_TOT_UL_TPT:+LTE_UL_PRB_USAGE:+LTE_DL_PRB_USAGE,success,
mibcli,2025-01-01T15:00:18,get,FAP.0.LMT_PRIMARY_STATUS:+ETH1_STATUS_LINK_STATUS:+LANGUAGE_CHOOSE:+MODULE_TYPE:+LOCAL_WEB_LOCK_TIMEOUT:+LOGIN_FAILED_NUM:+LOGIN_FAILED_TIME:+LOGIN_FAILED_INVALID_TIME:+MANUFACTURER,Failed,get timeout
mibcli,2025-11-05T14:51:07,set,FAP.0.ETH1_STATUS_SPEED:=1000Mb/s:+ETH1_STATUS_LINK_STATUS:=yes,success,
mibcli,2025-11-05T14:51:07,set,FAP.0.NTP_LOCAL_TIME_ZONE_NAME:=Asia/Tokyo,success,
mibcli,2025-11-05T14:51:12,set,FAP.0.AUTO_GPS_LATITUDE:=35647796:+AUTO_GPS_LONGITUDE:=139750991:+AUTO_GPS_ALTIDUTE:=-36,success,
mibcli,2025-11-05T14:51:20,get,FAP.0.LMT_PRIMARY_STATUS:+ETH1_STATUS_LINK_STATUS:+LANGUAGE_CHOOSE:+MODULE_TYPE:+LOCAL_WEB_LOCK_TIMEOUT:+LOGIN_FAILED_NUM:+LOGIN_FAILED_TIME:+LOGIN_FAILED_INVALID_TIME:+MANUFACTURER,success,
mibcli,2025-11-05T14:51:29,set,FAP.0.LOGIN_FAILED_NUM:=0,success,
mibcli,2025-11-05T14:51:29,set,FAP.0.LOGIN_FAILED_TIME:=NULL,success,
mibcli,2025-11-05T14:51:29,set,FAP.0.LOGIN_FAILED_INVALID_TIME:=NULL,success,
mibcli,2025-11-05T14:51:29,get,FAP.0.LOCAL_TIMEZONE_OFFSET_TO_GMT,success,
mibcli,2025-11-05T14:51:30,get,FAP.0.LTE_ENB_NAME_ENABLE:+HALOD_MODE:+HIDE_SENSITIVE_ENABLE:+MANUFACTURER:+UPTIME_STATUS:+LTE_LBO_SWITCH:+MODULE_TYPE:+EX_MODULE_TYPE:+LANGUAGE_CHOOSE:+DUPLEX_MODE:+TR069_SW_VERSION_STRING:+LONG_SERIAL_NUMBER:+LTE_HALOB_ENABLE_STATE:+LTE_X_RADISYS_CA_ENABLE:+LTE_LICENSE_HALOB_SINGLE_MODE_AVAILABLE:+LTE_LICENSE_HALOB_CENTRALIZED_MODE_AVAILABLE:+LMT_PRIMARY_STATUS:+SAS_ENABLE_MODE:,COMMISSIONING.0.UNIT_MAC_ADDRESS,success,
mibcli,2025-11-05T14:51:30,get,FAP.0.LTE_X_RADISYS_CA_ENABLE,success,
mibcli,2025-11-05T14:51:30,get,FAP.0.LOCAL_WEB_TIMEOUT,success,
mibcli,2025-11-05T14:51:30,getobject,FAP_LTE.0.LTE_RAN_MOB_IDLE_MODE_INTER_FREQ_CARRIER,Failed,Object Not Found
mibcli,2025-11-05T14:51:30,get,FAP.0.LTE_MME_SHARED_ENABLE:+LTE_MOCN_PLMN_PRIMARY:+LTE_SIMPLE_LBT_ENABLE:+LTE_ENB_TYPE:+HMS_CONNECTED_STATE:+GPS_ANT_STATUS:+TUNNEL_CONFIG1_TUNNELENABLE:+TUNNEL_CONFIG2_TUNNELENABLE:+TUNNEL_CONFIG1_LINK_STATUS:+TUNNEL_CONFIG2_LINK_STATUS:+LTE_POOL_IPSEC1_ADDRESS:+LTE_POOL_IPSEC2_ADDRESS:+MAX_TX_POWER:+TOGGLE_SWITCH:+LTE_LICENSE_DC_AVAILABLE:+LTE_MMELIST_TUNNEL_MAP:+LTE_POOL_MME_LIST1:+LTE_POOL_MME_LIST2:+LTE_LICENSE_CA_AVAILABLE:+LTE_S1SIG_LINK_PORT:+MODULE_TYPE:+MME_IP_INTERFACE:+TFCS_MANAGER_CONFIG_PRIMSRC:+LTE_MME_IP_PLMN_LIST:+SUPPORTED_EXACT_POWER_RANGE:+LTE_MME_PLMN_STATUS:+LTE_S1CON_MODE:+TR069_SW_VERSION_STRING:+LONG_SERIAL_NUMBER:+REM_STATUS:+TFCS_SYNC_MGR_STATE:+LTE_RFTX_OP_STATE:+MME_STATUS:+LTE_LBO_TRANSFER_MODE:+LTE_LBO_SWITCH:+LTE_GET_IMSI_SWITCH:+SFP_STATUS:+SAS_ENABLE_MODE:+LTE_HALOB_ENABLE_STATE:+LTE_LICENSE_HALOB_CENTRALIZED_MODE_AVAILABLE:+LTE_LICENSE_HALOB_SINGLE_MODE_AVAILABLE:+ETH1_STATUS_SPEED:+ETH1_STATUS_LINK_STATUS:+LTE_MME_POOL_ENABLE:+LTE_MMEPOOL1_STATUS:+LTE_MMEPOOL2_STATUS:+WAN_CONFIG1_CONNECT_TYPE:+LTE_X_RADISYS_CA_ENABLE:+SAS_STATUS:+SAS_STATUS2:+SAS_OPERATION_STATUS:+UPTIME_STATUS:+IPSEC_ENABLE:,COMMISSIONING.0.UNIT_MAC_ADDRESS,success,
mibcli,2025-11-05T14:51:30,getobject,FAP.0.TR196_CURRENT_ALARM,Failed,Object Not Found
mibcli,2025-11-05T14:51:30,get,FAP_LTE.0.LTE_ENB_TYPE:+LTE_X_RADISYS_NUM_OF_CELLS,success,
mibcli,2025-11-05T14:51:30,get,FAP_LTE.0.LTE_UL_PRB_RSSI_REPORT_ENABLE:+LTE_X_RADISYS_NUM_OF_CELLS,success,
mibcli,2025-11-05T14:51:30,getobject,FAP_LTE.1.LTE_RAN_MOB_IDLE_MODE_INTER_FREQ_CARRIER,Failed,Object Not Found
mibcli,2025-11-05T14:51:30,get,FAP_LTE.0.LTE_ENB_TYPE:+LTE_UL_PRB_USAGE:+LTE_UL_PRB_RSSI_REPORT_ENABLE:+LTE_CELL_IDENTITY:+LTE_CELL_POWER_MODIFY:+LTE_PHY_CELLID_LIST:+LTE_EARFCNDL_LIST:+LTE_EARFCNUL_LIST:+LTE_DL_BANDWIDTH:+LTE_FREQ_BAND_INDICATOR:+LTE_TAC:+LTE_DL_PRB_USAGE:+LTE_UE_SPEED_STATISTICS:+LTE_TDD_SPECIAL_SUB_FRAME_PATTERNS:+LTE_TDD_SUBFRAME_ASSIGNMENT:+LTE_RF_CARRIER_COMMON_ADMIN_STATE:+LTE_X_RADISYS_NUM_OF_CELLS:+LTE_TOT_UL_TPT:+LTE_TOT_DL_TPT:+LTE_EXIST_PLMNID_LIST:+LTE_CELL_POWER_SET_ENABLE,success,
mibcli,2025-11-05T14:51:30,getobject,FAP.0.TR196_HISTORY_EVENT,Failed,Object Not Found
mibcli,2025-11-05T14:51:31,getobject,FAP_LTE.0.LTE_RAN_NEIGH_LIST_LTE_CELL,Failed,Object Not Found
mibcli,2025-11-05T14:51:31,get,FAP_LTE.1.LTE_UL_PRB_RSSI_REPORT_ENABLE,success,
mibcli,2025-11-05T14:51:31,get,FAP_LTE.1.LTE_UL_PRB_USAGE:+LTE_CELL_IDENTITY:+LTE_CELL_POWER_MODIFY:+LTE_PHY_CELLID_LIST:+LTE_EARFCNDL_LIST:+LTE_EARFCNUL_LIST:+LTE_DL_BANDWIDTH:+LTE_FREQ_BAND_INDICATOR:+LTE_DL_PRB_USAGE:+LTE_RF_CARRIER_COMMON_ADMIN_STATE:+LTE_UE_SPEED_STATISTICS:+LTE_TOT_UL_TPT:+LTE_TOT_DL_TPT:+LTE_EXIST_PLMNID_LIST:+LTE_CELL_POWER_SET_ENABLE,success,
mibcli,2025-11-05T14:51:31,get,FAP_LTE.0.LTE_HOME_NODEB_NAME,success,
mibcli,2025-11-05T14:51:31,getobject,FAP_LTE.1.LTE_RAN_NEIGH_LIST_LTE_CELL,Failed,Object Not Found
mibcli,2025-11-05T14:51:31,getobject,FAP_LTE.0.LTE_RAN_MOB_IDLE_MODE_INTER_FREQ_CARRIER,Failed,Object Not Found
mibcli,2025-11-05T14:51:31,get,FAP_LTE.1.LTE_HOME_NODEB_NAME,success,
mibcli,2025-11-05T14:51:31,getobject,FAP_LTE.1.LTE_RAN_MOB_IDLE_MODE_INTER_FREQ_CARRIER,Failed,Object Not Found
mibcli,2025-11-05T14:51:31,getobject,FAP.0.MOCN_CFG,Failed,Object Not Found
mibcli,2025-11-05T14:51:32,getobject,FAP.0.SIMPLE_LBT_STATUS,success,
mibcli,2025-11-05T14:51:32,getobjectinstance,FAP.0.MULTI_CFG,success,
mibcli,2025-11-05T14:51:32,get,FAP_LTE.0.LTE_HOME_NODEB_NAME,success,
mibcli,2025-11-05T14:51:32,get,FAP_LTE.1.LTE_HOME_NODEB_NAME,success,
mibcli,2025-11-05T14:51:32,get,FAP_LTE.0.LTE_TOTCHART_DL_PRB:+LTE_TOTCHART_UL_PRB:+LTE_TOTCHART_DL_TPT:+LTE_TOTCHART_UL_TPT:+LTE_TOT_DL_TPT:+LTE_TOT_UL_TPT:+LTE_UL_PRB_USAGE:+LTE_DL_PRB_USAGE,success,
mibcli,2025-11-05T14:51:33,get,FAP_LTE.1.LTE_TOTCHART_DL_PRB:+LTE_TOTCHART_UL_PRB:+LTE_TOTCHART_DL_TPT:+LTE_TOTCHART_UL_TPT:+LTE_TOT_DL_TPT:+LTE_TOT_UL_TPT:+LTE_UL_PRB_USAGE:+LTE_DL_PRB_USAGE,success,
mibcli,2025-11-05T14:51:40,get,FAP.0.LOCAL_TIMEZONE_OFFSET_TO_GMT,success,
mibcli,2025-11-05T14:51:41,get,FAP.0.LOCAL_WEB_TIMEOUT,success,
mibcli,2025-11-05T14:51:41,get,FAP.0.LTE_X_RADISYS_CA_ENABLE,success,
mibcli,2025-11-05T14:51:41,get,FAP.0.LTE_ENB_NAME_ENABLE:+HALOD_MODE:+HIDE_SENSITIVE_ENABLE:+MANUFACTURER:+UPTIME_STATUS:+LTE_LBO_SWITCH:+MODULE_TYPE:+EX_MODULE_TYPE:+LANGUAGE_CHOOSE:+DUPLEX_MODE:+TR069_SW_VERSION_STRING:+LONG_SERIAL_NUMBER:+LTE_HALOB_ENABLE_STATE:+LTE_X_RADISYS_CA_ENABLE:+LTE_LICENSE_HALOB_SINGLE_MODE_AVAILABLE:+LTE_LICENSE_HALOB_CENTRALIZED_MODE_AVAILABLE:+LMT_PRIMARY_STATUS:+SAS_ENABLE_MODE:,COMMISSIONING.0.UNIT_MAC_ADDRESS,success,
mibcli,2025-11-05T14:51:41,get,FAP.0.LTE_MME_SHARED_ENABLE:+LTE_MOCN_PLMN_PRIMARY:+LTE_SIMPLE_LBT_ENABLE:+LTE_ENB_TYPE:+HMS_CONNECTED_STATE:+GPS_ANT_STATUS:+TUNNEL_CONFIG1_TUNNELENABLE:+TUNNEL_CONFIG2_TUNNELENABLE:+TUNNEL_CONFIG1_LINK_STATUS:+TUNNEL_CONFIG2_LINK_STATUS:+LTE_POOL_IPSEC1_ADDRESS:+LTE_POOL_IPSEC2_ADDRESS:+MAX_TX_POWER:+TOGGLE_SWITCH:+LTE_LICENSE_DC_AVAILABLE:+LTE_MMELIST_TUNNEL_MAP:+LTE_POOL_MME_LIST1:+LTE_POOL_MME_LIST2:+LTE_LICENSE_CA_AVAILABLE:+LTE_S1SIG_LINK_PORT:+MODULE_TYPE:+MME_IP_INTERFACE:+TFCS_MANAGER_CONFIG_PRIMSRC:+LTE_MME_IP_PLMN_LIST:+SUPPORTED_EXACT_POWER_RANGE:+LTE_MME_PLMN_STATUS:+LTE_S1CON_MODE:+TR069_SW_VERSION_STRING:+LONG_SERIAL_NUMBER:+REM_STATUS:+TFCS_SYNC_MGR_STATE:+LTE_RFTX_OP_STATE:+MME_STATUS:+LTE_LBO_TRANSFER_MODE:+LTE_LBO_SWITCH:+LTE_GET_IMSI_SWITCH:+SFP_STATUS:+SAS_ENABLE_MODE:+LTE_HALOB_ENABLE_STATE:+LTE_LICENSE_HALOB_CENTRALIZED_MODE_AVAILABLE:+LTE_LICENSE_HALOB_SINGLE_MODE_AVAILABLE:+ETH1_STATUS_SPEED:+ETH1_STATUS_LINK_STATUS:+LTE_MME_POOL_ENABLE:+LTE_MMEPOOL1_STATUS:+LTE_MMEPOOL2_STATUS:+WAN_CONFIG1_CONNECT_TYPE:+LTE_X_RADISYS_CA_ENABLE:+SAS_STATUS:+SAS_STATUS2:+SAS_OPERATION_STATUS:+UPTIME_STATUS:+IPSEC_ENABLE:,COMMISSIONING.0.UNIT_MAC_ADDRESS,success,
mibcli,2025-11-05T14:51:41,getobject,FAP_LTE.0.LTE_RAN_MOB_IDLE_MODE_INTER_FREQ_CARRIER,Failed,Object Not Found
mibcli,2025-11-05T14:51:41,getobject,FAP.0.TR196_CURRENT_ALARM,Failed,Object Not Found
mibcli,2025-11-05T14:51:41,get,FAP_LTE.0.LTE_UL_PRB_RSSI_REPORT_ENABLE:+LTE_X_RADISYS_NUM_OF_CELLS,success,
mibcli,2025-11-05T14:51:41,get,FAP_LTE.0.LTE_ENB_TYPE:+LTE_X_RADISYS_NUM_OF_CELLS,success,
mibcli,2025-11-05T14:51:41,getobject,FAP_LTE.1.LTE_RAN_MOB_IDLE_MODE_INTER_FREQ_CARRIER,Failed,Object Not Found
mibcli,2025-11-05T14:51:41,get,FAP_LTE.0.LTE_ENB_TYPE:+LTE_UL_PRB_USAGE:+LTE_UL_PRB_RSSI_REPORT_ENABLE:+LTE_CELL_IDENTITY:+LTE_CELL_POWER_MODIFY:+LTE_PHY_CELLID_LIST:+LTE_EARFCNDL_LIST:+LTE_EARFCNUL_LIST:+LTE_DL_BANDWIDTH:+LTE_FREQ_BAND_INDICATOR:+LTE_TAC:+LTE_DL_PRB_USAGE:+LTE_UE_SPEED_STATISTICS:+LTE_TDD_SPECIAL_SUB_FRAME_PATTERNS:+LTE_TDD_SUBFRAME_ASSIGNMENT:+LTE_RF_CARRIER_COMMON_ADMIN_STATE:+LTE_X_RADISYS_NUM_OF_CELLS:+LTE_TOT_UL_TPT:+LTE_TOT_DL_TPT:+LTE_EXIST_PLMNID_LIST:+LTE_CELL_POWER_SET_ENABLE,success,
mibcli,2025-11-05T14:51:41,getobject,FAP.0.TR196_HISTORY_EVENT,Failed,Object Not Found
mibcli,2025-11-05T14:51:42,get,FAP_LTE.1.LTE_UL_PRB_RSSI_REPORT_ENABLE,success,
mibcli,2025-11-05T14:51:42,getobject,FAP_LTE.0.LTE_RAN_NEIGH_LIST_LTE_CELL,Failed,Object Not Found
mibcli,2025-11-05T14:51:42,get,FAP_LTE.1.LTE_UL_PRB_USAGE:+LTE_CELL_IDENTITY:+LTE_CELL_POWER_MODIFY:+LTE_PHY_CELLID_LIST:+LTE_EARFCNDL_LIST:+LTE_EARFCNUL_LIST:+LTE_DL_BANDWIDTH:+LTE_FREQ_BAND_INDICATOR:+LTE_DL_PRB_USAGE:+LTE_RF_CARRIER_COMMON_ADMIN_STATE:+LTE_UE_SPEED_STATISTICS:+LTE_TOT_UL_TPT:+LTE_TOT_DL_TPT:+LTE_EXIST_PLMNID_LIST:+LTE_CELL_POWER_SET_ENABLE,success,
mibcli,2025-11-05T14:51:42,get,FAP_LTE.0.LTE_HOME_NODEB_NAME,success,
mibcli,2025-11-05T14:51:42,getobject,FAP_LTE.1.LTE_RAN_NEIGH_LIST_LTE_CELL,Failed,Object Not Found
mibcli,2025-11-05T14:51:42,getobject,FAP_LTE.0.LTE_RAN_MOB_IDLE_MODE_INTER_FREQ_CARRIER,Failed,Object Not Found
mibcli,2025-11-05T14:51:42,get,FAP_LTE.1.LTE_HOME_NODEB_NAME,success,
mibcli,2025-11-05T14:51:42,getobject,FAP_LTE.1.LTE_RAN_MOB_IDLE_MODE_INTER_FREQ_CARRIER,Failed,Object Not Found
mibcli,2025-11-05T14:51:42,getobject,FAP.0.MOCN_CFG,Failed,Object Not Found
mibcli,2025-11-05T14:51:42,getobject,FAP.0.SIMPLE_LBT_STATUS,success,
mibcli,2025-11-05T14:51:43,getobjectinstance,FAP.0.MULTI_CFG,success,
mibcli,2025-11-05T14:51:43,get,FAP_LTE.0.LTE_HOME_NODEB_NAME,success,
mibcli,2025-11-05T14:51:43,get,FAP_LTE.1.LTE_HOME_NODEB_NAME,success,
mibcli,2025-11-05T14:51:43,get,FAP_LTE.0.LTE_TOTCHART_DL_PRB:+LTE_TOTCHART_UL_PRB:+LTE_TOTCHART_DL_TPT:+LTE_TOTCHART_UL_TPT:+LTE_TOT_DL_TPT:+LTE_TOT_UL_TPT:+LTE_UL_PRB_USAGE:+LTE_DL_PRB_USAGE,success,
mibcli,2025-11-05T14:51:43,get,FAP_LTE.1.LTE_TOTCHART_DL_PRB:+LTE_TOTCHART_UL_PRB:+LTE_TOTCHART_DL_TPT:+LTE_TOTCHART_UL_TPT:+LTE_TOT_DL_TPT:+LTE_TOT_UL_TPT:+LTE_UL_PRB_USAGE:+LTE_DL_PRB_USAGE,success,
mibcli,2025-11-05T14:51:59,get,FAP.0.LTE_ENB_NAME_ENABLE:+HALOD_MODE:+HIDE_SENSITIVE_ENABLE:+MANUFACTURER:+UPTIME_STATUS:+LTE_LBO_SWITCH:+MODULE_TYPE:+EX_MODULE_TYPE:+LANGUAGE_CHOOSE:+DUPLEX_MODE:+TR069_SW_VERSION_STRING:+LONG_SERIAL_NUMBER:+LTE_HALOB_ENABLE_STATE:+LTE_X_RADISYS_CA_ENABLE:+LTE_LICENSE_HALOB_SINGLE_MODE_AVAILABLE:+LTE_LICENSE_HALOB_CENTRALIZED_MODE_AVAILABLE:+LMT_PRIMARY_STATUS:+SAS_ENABLE_MODE:,COMMISSIONING.0.UNIT_MAC_ADDRESS,success,
mibcli,2025-11-05T14:51:59,get,FAP.0.LOCAL_TIMEZONE_OFFSET_TO_GMT,success,
mibcli,2025-11-05T14:51:59,get,FAP.0.LTE_X_RADISYS_CA_ENABLE,success,
mibcli,2025-11-05T14:51:59,get,FAP.0.LOCAL_WEB_TIMEOUT,success,
mibcli,2025-11-05T14:51:59,get,FAP.0.LTE_MME_SHARED_ENABLE:+LTE_MOCN_PLMN_PRIMARY:+LTE_SIMPLE_LBT_ENABLE:+LTE_ENB_TYPE:+HMS_CONNECTED_STATE:+GPS_ANT_STATUS:+TUNNEL_CONFIG1_TUNNELENABLE:+TUNNEL_CONFIG2_TUNNELENABLE:+TUNNEL_CONFIG1_LINK_STATUS:+TUNNEL_CONFIG2_LINK_STATUS:+LTE_POOL_IPSEC1_ADDRESS:+LTE_POOL_IPSEC2_ADDRESS:+MAX_TX_POWER:+TOGGLE_SWITCH:+LTE_LICENSE_DC_AVAILABLE:+LTE_MMELIST_TUNNEL_MAP:+LTE_POOL_MME_LIST1:+LTE_POOL_MME_LIST2:+LTE_LICENSE_CA_AVAILABLE:+LTE_S1SIG_LINK_PORT:+MODULE_TYPE:+MME_IP_INTERFACE:+TFCS_MANAGER_CONFIG_PRIMSRC:+LTE_MME_IP_PLMN_LIST:+SUPPORTED_EXACT_POWER_RANGE:+LTE_MME_PLMN_STATUS:+LTE_S1CON_MODE:+TR069_SW_VERSION_STRING:+LONG_SERIAL_NUMBER:+REM_STATUS:+TFCS_SYNC_MGR_STATE:+LTE_RFTX_OP_STATE:+MME_STATUS:+LTE_LBO_TRANSFER_MODE:+LTE_LBO_SWITCH:+LTE_GET_IMSI_SWITCH:+SFP_STATUS:+SAS_ENABLE_MODE:+LTE_HALOB_ENABLE_STATE:+LTE_LICENSE_HALOB_CENTRALIZED_MODE_AVAILABLE:+LTE_LICENSE_HALOB_SINGLE_MODE_AVAILABLE:+ETH1_STATUS_SPEED:+ETH1_STATUS_LINK_STATUS:+LTE_MME_POOL_ENABLE:+LTE_MMEPOOL1_STATUS:+LTE_MMEPOOL2_STATUS:+WAN_CONFIG1_CONNECT_TYPE:+LTE_X_RADISYS_CA_ENABLE:+SAS_STATUS:+SAS_STATUS2:+SAS_OPERATION_STATUS:+UPTIME_STATUS:+IPSEC_ENABLE:,COMMISSIONING.0.UNIT_MAC_ADDRESS,success,
mibcli,2025-11-05T14:51:59,getobject,FAP_LTE.0.LTE_RAN_MOB_IDLE_MODE_INTER_FREQ_CARRIER,Failed,Object Not Found
mibcli,2025-11-05T14:51:59,get,FAP_LTE.0.LTE_ENB_TYPE:+LTE_X_RADISYS_NUM_OF_CELLS,success,
mibcli,2025-11-05T14:51:59,getobject,FAP.0.TR196_CURRENT_ALARM,Failed,Object Not Found
mibcli,2025-11-05T14:51:59,get,FAP_LTE.0.LTE_UL_PRB_RSSI_REPORT_ENABLE:+LTE_X_RADISYS_NUM_OF_CELLS,success,
mibcli,2025-11-05T14:51:59,getobject,FAP_LTE.1.LTE_RAN_MOB_IDLE_MODE_INTER_FREQ_CARRIER,Failed,Object Not Found
mibcli,2025-11-05T14:52:00,get,FAP_LTE.0.LTE_ENB_TYPE:+LTE_UL_PRB_USAGE:+LTE_UL_PRB_RSSI_REPORT_ENABLE:+LTE_CELL_IDENTITY:+LTE_CELL_POWER_MODIFY:+LTE_PHY_CELLID_LIST:+LTE_EARFCNDL_LIST:+LTE_EARFCNUL_LIST:+LTE_DL_BANDWIDTH:+LTE_FREQ_BAND_INDICATOR:+LTE_TAC:+LTE_DL_PRB_USAGE:+LTE_UE_SPEED_STATISTICS:+LTE_TDD_SPECIAL_SUB_FRAME_PATTERNS:+LTE_TDD_SUBFRAME_ASSIGNMENT:+LTE_RF_CARRIER_COMMON_ADMIN_STATE:+LTE_X_RADISYS_NUM_OF_CELLS:+LTE_TOT_UL_TPT:+LTE_TOT_DL_TPT:+LTE_EXIST_PLMNID_LIST:+LTE_CELL_POWER_SET_ENABLE,success,
mibcli,2025-11-05T14:52:00,getobject,FAP.0.TR196_HISTORY_EVENT,Failed,Object Not Found
mibcli,2025-11-05T14:52:00,get,FAP_LTE.1.LTE_UL_PRB_RSSI_REPORT_ENABLE,success,
mibcli,2025-11-05T14:52:00,getobject,FAP_LTE.0.LTE_RAN_NEIGH_LIST_LTE_CELL,Failed,Object Not Found
mibcli,2025-11-05T14:52:00,get,FAP_LTE.0.LTE_HOME_NODEB_NAME,success,
mibcli,2025-11-05T14:52:00,get,FAP_LTE.1.LTE_UL_PRB_USAGE:+LTE_CELL_IDENTITY:+LTE_CELL_POWER_MODIFY:+LTE_PHY_CELLID_LIST:+LTE_EARFCNDL_LIST:+LTE_EARFCNUL_LIST:+LTE_DL_BANDWIDTH:+LTE_FREQ_BAND_INDICATOR:+LTE_DL_PRB_USAGE:+LTE_RF_CARRIER_COMMON_ADMIN_STATE:+LTE_UE_SPEED_STATISTICS:+LTE_TOT_UL_TPT:+LTE_TOT_DL_TPT:+LTE_EXIST_PLMNID_LIST:+LTE_CELL_POWER_SET_ENABLE,success,
mibcli,2025-11-05T14:52:00,getobject,FAP_LTE.1.LTE_RAN_NEIGH_LIST_LTE_CELL,Failed,Object Not Found
mibcli,2025-11-05T14:52:00,get,FAP_LTE.1.LTE_HOME_NODEB_NAME,success,
mibcli,2025-11-05T14:52:00,getobject,FAP_LTE.0.LTE_RAN_MOB_IDLE_MODE_INTER_FREQ_CARRIER,Failed,Object Not Found
mibcli,2025-11-05T14:52:00,getobject,FAP_LTE.1.LTE_RAN_MOB_IDLE_MODE_INTER_FREQ_CARRIER,Failed,Object Not Found
mibcli,2025-11-05T14:52:01,getobject,FAP.0.MOCN_CFG,Failed,Object Not Found
mibcli,2025-11-05T14:52:01,getobject,FAP.0.SIMPLE_LBT_STATUS,success,
mibcli,2025-11-05T14:52:01,getobjectinstance,FAP.0.MULTI_CFG,success,
mibcli,2025-11-05T14:52:01,get,FAP_LTE.0.LTE_HOME_NODEB_NAME,success,
mibcli,2025-11-05T14:52:01,get,FAP_LTE.1.LTE_HOME_NODEB_NAME,success,
mibcli,2025-11-05T14:52:01,get,FAP_LTE.0.LTE_TOTCHART_DL_PRB:+LTE_TOTCHART_UL_PRB:+LTE_TOTCHART_DL_TPT:+LTE_TOTCHART_UL_TPT:+LTE_TOT_DL_TPT:+LTE_TOT_UL_TPT:+LTE_UL_PRB_USAGE:+LTE_DL_PRB_USAGE,success,
mibcli,2025-11-05T14:52:02,get,FAP_LTE.1.LTE_TOTCHART_DL_PRB:+LTE_TOTCHART_UL_PRB:+LTE_TOTCHART_DL_TPT:+LTE_TOTCHART_UL_TPT:+LTE_TOT_DL_TPT:+LTE_TOT_UL_TPT:+LTE_UL_PRB_USAGE:+LTE_DL_PRB_USAGE,success,
mibcli,2025-11-05T14:52:07,get,FAP.0.LOCAL_TIMEZONE_OFFSET_TO_GMT,success,
mibcli,2025-11-05T14:52:08,get,FAP.0.LTE_X_RADISYS_CA_ENABLE,success,
mibcli,2025-11-05T14:52:08,get,FAP.0.LOCAL_WEB_TIMEOUT,success,
mibcli,2025-11-05T14:52:08,get,FAP.0.LTE_ENB_NAME_ENABLE:+HALOD_MODE:+HIDE_SENSITIVE_ENABLE:+MANUFACTURER:+UPTIME_STATUS:+LTE_LBO_SWITCH:+MODULE_TYPE:+EX_MODULE_TYPE:+LANGUAGE_CHOOSE:+DUPLEX_MODE:+TR069_SW_VERSION_STRING:+LONG_SERIAL_NUMBER:+LTE_HALOB_ENABLE_STATE:+LTE_X_RADISYS_CA_ENABLE:+LTE_LICENSE_HALOB_SINGLE_MODE_AVAILABLE:+LTE_LICENSE_HALOB_CENTRALIZED_MODE_AVAILABLE:+LMT_PRIMARY_STATUS:+SAS_ENABLE_MODE:,COMMISSIONING.0.UNIT_MAC_ADDRESS,success,
mibcli,2025-11-05T14:52:08,getobject,FAP_LTE.0.LTE_RAN_MOB_IDLE_MODE_INTER_FREQ_CARRIER,Failed,Object Not Found
mibcli,2025-11-05T14:52:08,get,FAP.0.LTE_MME_SHARED_ENABLE:+LTE_MOCN_PLMN_PRIMARY:+LTE_SIMPLE_LBT_ENABLE:+LTE_ENB_TYPE:+HMS_CONNECTED_STATE:+GPS_ANT_STATUS:+TUNNEL_CONFIG1_TUNNELENABLE:+TUNNEL_CONFIG2_TUNNELENABLE:+TUNNEL_CONFIG1_LINK_STATUS:+TUNNEL_CONFIG2_LINK_STATUS:+LTE_POOL_IPSEC1_ADDRESS:+LTE_POOL_IPSEC2_ADDRESS:+MAX_TX_POWER:+TOGGLE_SWITCH:+LTE_LICENSE_DC_AVAILABLE:+LTE_MMELIST_TUNNEL_MAP:+LTE_POOL_MME_LIST1:+LTE_POOL_MME_LIST2:+LTE_LICENSE_CA_AVAILABLE:+LTE_S1SIG_LINK_PORT:+MODULE_TYPE:+MME_IP_INTERFACE:+TFCS_MANAGER_CONFIG_PRIMSRC:+LTE_MME_IP_PLMN_LIST:+SUPPORTED_EXACT_POWER_RANGE:+LTE_MME_PLMN_STATUS:+LTE_S1CON_MODE:+TR069_SW_VERSION_STRING:+LONG_SERIAL_NUMBER:+REM_STATUS:+TFCS_SYNC_MGR_STATE:+LTE_RFTX_OP_STATE:+MME_STATUS:+LTE_LBO_TRANSFER_MODE:+LTE_LBO_SWITCH:+LTE_GET_IMSI_SWITCH:+SFP_STATUS:+SAS_ENABLE_MODE:+LTE_HALOB_ENABLE_STATE:+LTE_LICENSE_HALOB_CENTRALIZED_MODE_AVAILABLE:+LTE_LICENSE_HALOB_SINGLE_MODE_AVAILABLE:+ETH1_STATUS_SPEED:+ETH1_STATUS_LINK_STATUS:+LTE_MME_POOL_ENABLE:+LTE_MMEPOOL1_STATUS:+LTE_MMEPOOL2_STATUS:+WAN_CONFIG1_CONNECT_TYPE:+LTE_X_RADISYS_CA_ENABLE:+SAS_STATUS:+SAS_STATUS2:+SAS_OPERATION_STATUS:+UPTIME_STATUS:+IPSEC_ENABLE:,COMMISSIONING.0.UNIT_MAC_ADDRESS,success,
mibcli,2025-11-05T14:52:08,getobject,FAP.0.TR196_CURRENT_ALARM,Failed,Object Not Found
mibcli,2025-11-05T14:52:08,get,FAP_LTE.0.LTE_UL_PRB_RSSI_REPORT_ENABLE:+LTE_X_RADISYS_NUM_OF_CELLS,success,
mibcli,2025-11-05T14:52:08,get,FAP_LTE.0.LTE_ENB_TYPE:+LTE_X_RADISYS_NUM_OF_CELLS,success,
mibcli,2025-11-05T14:52:08,getobject,FAP_LTE.1.LTE_RAN_MOB_IDLE_MODE_INTER_FREQ_CARRIER,Failed,Object Not Found
mibcli,2025-11-05T14:52:08,get,FAP_LTE.0.LTE_ENB_TYPE:+LTE_UL_PRB_USAGE:+LTE_UL_PRB_RSSI_REPORT_ENABLE:+LTE_CELL_IDENTITY:+LTE_CELL_POWER_MODIFY:+LTE_PHY_CELLID_LIST:+LTE_EARFCNDL_LIST:+LTE_EARFCNUL_LIST:+LTE_DL_BANDWIDTH:+LTE_FREQ_BAND_INDICATOR:+LTE_TAC:+LTE_DL_PRB_USAGE:+LTE_UE_SPEED_STATISTICS:+LTE_TDD_SPECIAL_SUB_FRAME_PATTERNS:+LTE_TDD_SUBFRAME_ASSIGNMENT:+LTE_RF_CARRIER_COMMON_ADMIN_STATE:+LTE_X_RADISYS_NUM_OF_CELLS:+LTE_TOT_UL_TPT:+LTE_TOT_DL_TPT:+LTE_EXIST_PLMNID_LIST:+LTE_CELL_POWER_SET_ENABLE,success,
mibcli,2025-11-05T14:52:08,getobject,FAP.0.TR196_HISTORY_EVENT,Failed,Object Not Found
mibcli,2025-11-05T14:52:09,get,FAP_LTE.1.LTE_UL_PRB_RSSI_REPORT_ENABLE,success,
mibcli,2025-11-05T14:52:09,getobject,FAP_LTE.0.LTE_RAN_NEIGH_LIST_LTE_CELL,Failed,Object Not Found
mibcli,2025-11-05T14:52:09,get,FAP_LTE.1.LTE_UL_PRB_USAGE:+LTE_CELL_IDENTITY:+LTE_CELL_POWER_MODIFY:+LTE_PHY_CELLID_LIST:+LTE_EARFCNDL_LIST:+LTE_EARFCNUL_LIST:+LTE_DL_BANDWIDTH:+LTE_FREQ_BAND_INDICATOR:+LTE_DL_PRB_USAGE:+LTE_RF_CARRIER_COMMON_ADMIN_STATE:+LTE_UE_SPEED_STATISTICS:+LTE_TOT_UL_TPT:+LTE_TOT_DL_TPT:+LTE_EXIST_PLMNID_LIST:+LTE_CELL_POWER_SET_ENABLE,success,
mibcli,2025-11-05T14:52:09,get,FAP_LTE.0.LTE_HOME_NODEB_NAME,success,
mibcli,2025-11-05T14:52:09,getobject,FAP_LTE.1.LTE_RAN_NEIGH_LIST_LTE_CELL,Failed,Object Not Found
mibcli,2025-11-05T14:52:09,getobject,FAP_LTE.0.LTE_RAN_MOB_IDLE_MODE_INTER_FREQ_CARRIER,Failed,Object Not Found
mibcli,2025-11-05T14:52:09,get,FAP_LTE.1.LTE_HOME_NODEB_NAME,success,
mibcli,2025-11-05T14:52:09,getobject,FAP_LTE.1.LTE_RAN_MOB_IDLE_MODE_INTER_FREQ_CARRIER,Failed,Object Not Found
mibcli,2025-11-05T14:52:09,getobject,FAP.0.MOCN_CFG,Failed,Object Not Found
mibcli,2025-11-05T14:52:09,getobject,FAP.0.SIMPLE_LBT_STATUS,success,
mibcli,2025-11-05T14:52:10,getobjectinstance,FAP.0.MULTI_CFG,success,
mibcli,2025-11-05T14:52:10,get,FAP_LTE.0.LTE_HOME_NODEB_NAME,success,
mibcli,2025-11-05T14:52:10,get,FAP_LTE.1.LTE_HOME_NODEB_NAME,success,
mibcli,2025-11-05T14:52:10,get,FAP_LTE.0.LTE_TOTCHART_DL_PRB:+LTE_TOTCHART_UL_PRB:+LTE_TOTCHART_DL_TPT:+LTE_TOTCHART_UL_TPT:+LTE_TOT_DL_TPT:+LTE_TOT_UL_TPT:+LTE_UL_PRB_USAGE:+LTE_DL_PRB_USAGE,success,
mibcli,2025-11-05T14:52:10,get,FAP_LTE.1.LTE_TOTCHART_DL_PRB:+LTE_TOTCHART_UL_PRB:+LTE_TOTCHART_DL_TPT:+LTE_TOTCHART_UL_TPT:+LTE_TOT_DL_TPT:+LTE_TOT_UL_TPT:+LTE_UL_PRB_USAGE:+LTE_DL_PRB_USAGE,success,
mibcli,2025-11-05T14:52:34,get,FAP.0.LOCAL_TIMEZONE_OFFSET_TO_GMT,success,
mibcli,2025-11-05T14:52:34,get,FAP.0.LOCAL_WEB_TIMEOUT,success,
mibcli,2025-11-05T14:52:34,get,FAP.0.LTE_ENB_NAME_ENABLE:+HALOD_MODE:+HIDE_SENSITIVE_ENABLE:+MANUFACTURER:+UPTIME_STATUS:+LTE_LBO_SWITCH:+MODULE_TYPE:+EX_MODULE_TYPE:+LANGUAGE_CHOOSE:+DUPLEX_MODE:+TR069_SW_VERSION_STRING:+LONG_SERIAL_NUMBER:+LTE_HALOB_ENABLE_STATE:+LTE_X_RADISYS_CA_ENABLE:+LTE_LICENSE_HALOB_SINGLE_MODE_AVAILABLE:+LTE_LICENSE_HALOB_CENTRALIZED_MODE_AVAILABLE:+LMT_PRIMARY_STATUS:+SAS_ENABLE_MODE:,COMMISSIONING.0.UNIT_MAC_ADDRESS,success,
mibcli,2025-11-05T14:52:34,get,FAP.0.LTE_X_RADISYS_CA_ENABLE,success,
mibcli,2025-11-05T14:52:34,get,FAP.0.LTE_MME_SHARED_ENABLE:+LTE_MOCN_PLMN_PRIMARY:+LTE_SIMPLE_LBT_ENABLE:+LTE_ENB_TYPE:+HMS_CONNECTED_STATE:+GPS_ANT_STATUS:+TUNNEL_CONFIG1_TUNNELENABLE:+TUNNEL_CONFIG2_TUNNELENABLE:+TUNNEL_CONFIG1_LINK_STATUS:+TUNNEL_CONFIG2_LINK_STATUS:+LTE_POOL_IPSEC1_ADDRESS:+LTE_POOL_IPSEC2_ADDRESS:+MAX_TX_POWER:+TOGGLE_SWITCH:+LTE_LICENSE_DC_AVAILABLE:+LTE_MMELIST_TUNNEL_MAP:+LTE_POOL_MME_LIST1:+LTE_POOL_MME_LIST2:+LTE_LICENSE_CA_AVAILABLE:+LTE_S1SIG_LINK_PORT:+MODULE_TYPE:+MME_IP_INTERFACE:+TFCS_MANAGER_CONFIG_PRIMSRC:+LTE_MME_IP_PLMN_LIST:+SUPPORTED_EXACT_POWER_RANGE:+LTE_MME_PLMN_STATUS:+LTE_S1CON_MODE:+TR069_SW_VERSION_STRING:+LONG_SERIAL_NUMBER:+REM_STATUS:+TFCS_SYNC_MGR_STATE:+LTE_RFTX_OP_STATE:+MME_STATUS:+LTE_LBO_TRANSFER_MODE:+LTE_LBO_SWITCH:+LTE_GET_IMSI_SWITCH:+SFP_STATUS:+SAS_ENABLE_MODE:+LTE_HALOB_ENABLE_STATE:+LTE_LICENSE_HALOB_CENTRALIZED_MODE_AVAILABLE:+LTE_LICENSE_HALOB_SINGLE_MODE_AVAILABLE:+ETH1_STATUS_SPEED:+ETH1_STATUS_LINK_STATUS:+LTE_MME_POOL_ENABLE:+LTE_MMEPOOL1_STATUS:+LTE_MMEPOOL2_STATUS:+WAN_CONFIG1_CONNECT_TYPE:+LTE_X_RADISYS_CA_ENABLE:+SAS_STATUS:+SAS_STATUS2:+SAS_OPERATION_STATUS:+UPTIME_STATUS:+IPSEC_ENABLE:,COMMISSIONING.0.UNIT_MAC_ADDRESS,success,
mibcli,2025-11-05T14:52:34,getobject,FAP_LTE.0.LTE_RAN_MOB_IDLE_MODE_INTER_FREQ_CARRIER,Failed,Object Not Found
mibcli,2025-11-05T14:52:34,getobject,FAP.0.TR196_CURRENT_ALARM,success,
mibcli,2025-11-05T14:52:35,get,FAP_LTE.0.LTE_ENB_TYPE:+LTE_X_RADISYS_NUM_OF_CELLS,success,
mibcli,2025-11-05T14:52:35,get,FAP_LTE.0.LTE_UL_PRB_RSSI_REPORT_ENABLE:+LTE_X_RADISYS_NUM_OF_CELLS,success,
mibcli,2025-11-05T14:52:35,get,FAP_LTE.0.LTE_ENB_TYPE:+LTE_UL_PRB_USAGE:+LTE_UL_PRB_RSSI_REPORT_ENABLE:+LTE_CELL_IDENTITY:+LTE_CELL_POWER_MODIFY:+LTE_PHY_CELLID_LIST:+LTE_EARFCNDL_LIST:+LTE_EARFCNUL_LIST:+LTE_DL_BANDWIDTH:+LTE_FREQ_BAND_INDICATOR:+LTE_TAC:+LTE_DL_PRB_USAGE:+LTE_UE_SPEED_STATISTICS:+LTE_TDD_SPECIAL_SUB_FRAME_PATTERNS:+LTE_TDD_SUBFRAME_ASSIGNMENT:+LTE_RF_CARRIER_COMMON_ADMIN_STATE:+LTE_X_RADISYS_NUM_OF_CELLS:+LTE_TOT_UL_TPT:+LTE_TOT_DL_TPT:+LTE_EXIST_PLMNID_LIST:+LTE_CELL_POWER_SET_ENABLE,success,
mibcli,2025-11-05T14:52:35,getobject,FAP_LTE.1.LTE_RAN_MOB_IDLE_MODE_INTER_FREQ_CARRIER,Failed,Object Not Found
mibcli,2025-11-05T14:52:35,getobject,FAP.0.TR196_HISTORY_EVENT,success,
mibcli,2025-11-05T14:52:35,get,FAP_LTE.1.LTE_UL_PRB_RSSI_REPORT_ENABLE,success,
mibcli,2025-11-05T14:52:35,getobject,FAP_LTE.0.LTE_RAN_NEIGH_LIST_LTE_CELL,Failed,Object Not Found
mibcli,2025-11-05T14:52:35,get,FAP_LTE.1.LTE_UL_PRB_USAGE:+LTE_CELL_IDENTITY:+LTE_CELL_POWER_MODIFY:+LTE_PHY_CELLID_LIST:+LTE_EARFCNDL_LIST:+LTE_EARFCNUL_LIST:+LTE_DL_BANDWIDTH:+LTE_FREQ_BAND_INDICATOR:+LTE_DL_PRB_USAGE:+LTE_RF_CARRIER_COMMON_ADMIN_STATE:+LTE_UE_SPEED_STATISTICS:+LTE_TOT_UL_TPT:+LTE_TOT_DL_TPT:+LTE_EXIST_PLMNID_LIST:+LTE_CELL_POWER_SET_ENABLE,success,
mibcli,2025-11-05T14:52:35,get,FAP_LTE.0.LTE_HOME_NODEB_NAME,success,
mibcli,2025-11-05T14:52:35,getobject,FAP_LTE.1.LTE_RAN_NEIGH_LIST_LTE_CELL,Failed,Object Not Found
mibcli,2025-11-05T14:52:36,getobject,FAP_LTE.0.LTE_RAN_MOB_IDLE_MODE_INTER_FREQ_CARRIER,Failed,Object Not Found
mibcli,2025-11-05T14:52:36,get,FAP_LTE.1.LTE_HOME_NODEB_NAME,success,
mibcli,2025-11-05T14:52:36,getobject,FAP_LTE.1.LTE_RAN_MOB_IDLE_MODE_INTER_FREQ_CARRIER,Failed,Object Not Found
mibcli,2025-11-05T14:52:36,getobject,FAP.0.MOCN_CFG,Failed,Object Not Found
mibcli,2025-11-05T14:52:36,getobject,FAP.0.SIMPLE_LBT_STATUS,success,
mibcli,2025-11-05T14:52:36,getobjectinstance,FAP.0.MULTI_CFG,success,
mibcli,2025-11-05T14:52:37,get,FAP_LTE.0.LTE_HOME_NODEB_NAME,success,
mibcli,2025-11-05T14:52:37,get,FAP_LTE.1.LTE_HOME_NODEB_NAME,success,
mibcli,2025-11-05T14:52:37,get,FAP_LTE.0.LTE_TOTCHART_DL_PRB:+LTE_TOTCHART_UL_PRB:+LTE_TOTCHART_DL_TPT:+LTE_TOTCHART_UL_TPT:+LTE_TOT_DL_TPT:+LTE_TOT_UL_TPT:+LTE_UL_PRB_USAGE:+LTE_DL_PRB_USAGE,success,
mibcli,2025-11-05T14:52:37,get,FAP_LTE.1.LTE_TOTCHART_DL_PRB:+LTE_TOTCHART_UL_PRB:+LTE_TOTCHART_DL_TPT:+LTE_TOTCHART_UL_TPT:+LTE_TOT_DL_TPT:+LTE_TOT_UL_TPT:+LTE_UL_PRB_USAGE:+LTE_DL_PRB_USAGE,success,
mibcli,2025-11-05T14:52:46,get,FAP.0.LOCAL_TIMEZONE_OFFSET_TO_GMT,success,
mibcli,2025-11-05T14:52:46,get,FAP.0.LTE_ENB_NAME_ENABLE:+HALOD_MODE:+HIDE_SENSITIVE_ENABLE:+MANUFACTURER:+UPTIME_STATUS:+LTE_LBO_SWITCH:+MODULE_TYPE:+EX_MODULE_TYPE:+LANGUAGE_CHOOSE:+DUPLEX_MODE:+TR069_SW_VERSION_STRING:+LONG_SERIAL_NUMBER:+LTE_HALOB_ENABLE_STATE:+LTE_X_RADISYS_CA_ENABLE:+LTE_LICENSE_HALOB_SINGLE_MODE_AVAILABLE:+LTE_LICENSE_HALOB_CENTRALIZED_MODE_AVAILABLE:+LMT_PRIMARY_STATUS:+SAS_ENABLE_MODE:,COMMISSIONING.0.UNIT_MAC_ADDRESS,success,
mibcli,2025-11-05T14:52:46,get,FAP.0.LTE_X_RADISYS_CA_ENABLE,success,
mibcli,2025-11-05T14:52:46,get,FAP.0.LTE_MME_SHARED_ENABLE:+LTE_MOCN_PLMN_PRIMARY:+LTE_SIMPLE_LBT_ENABLE:+LTE_ENB_TYPE:+HMS_CONNECTED_STATE:+GPS_ANT_STATUS:+TUNNEL_CONFIG1_TUNNELENABLE:+TUNNEL_CONFIG2_TUNNELENABLE:+TUNNEL_CONFIG1_LINK_STATUS:+TUNNEL_CONFIG2_LINK_STATUS:+LTE_POOL_IPSEC1_ADDRESS:+LTE_POOL_IPSEC2_ADDRESS:+MAX_TX_POWER:+TOGGLE_SWITCH:+LTE_LICENSE_DC_AVAILABLE:+LTE_MMELIST_TUNNEL_MAP:+LTE_POOL_MME_LIST1:+LTE_POOL_MME_LIST2:+LTE_LICENSE_CA_AVAILABLE:+LTE_S1SIG_LINK_PORT:+MODULE_TYPE:+MME_IP_INTERFACE:+TFCS_MANAGER_CONFIG_PRIMSRC:+LTE_MME_IP_PLMN_LIST:+SUPPORTED_EXACT_POWER_RANGE:+LTE_MME_PLMN_STATUS:+LTE_S1CON_MODE:+TR069_SW_VERSION_STRING:+LONG_SERIAL_NUMBER:+REM_STATUS:+TFCS_SYNC_MGR_STATE:+LTE_RFTX_OP_STATE:+MME_STATUS:+LTE_LBO_TRANSFER_MODE:+LTE_LBO_SWITCH:+LTE_GET_IMSI_SWITCH:+SFP_STATUS:+SAS_ENABLE_MODE:+LTE_HALOB_ENABLE_STATE:+LTE_LICENSE_HALOB_CENTRALIZED_MODE_AVAILABLE:+LTE_LICENSE_HALOB_SINGLE_MODE_AVAILABLE:+ETH1_STATUS_SPEED:+ETH1_STATUS_LINK_STATUS:+LTE_MME_POOL_ENABLE:+LTE_MMEPOOL1_STATUS:+LTE_MMEPOOL2_STATUS:+WAN_CONFIG1_CONNECT_TYPE:+LTE_X_RADISYS_CA_ENABLE:+SAS_STATUS:+SAS_STATUS2:+SAS_OPERATION_STATUS:+UPTIME_STATUS:+IPSEC_ENABLE:,COMMISSIONING.0.UNIT_MAC_ADDRESS,success,
mibcli,2025-11-05T14:52:46,get,FAP.0.LOCAL_WEB_TIMEOUT,success,
mibcli,2025-11-05T14:52:46,getobject,FAP_LTE.0.LTE_RAN_MOB_IDLE_MODE_INTER_FREQ_CARRIER,Failed,Object Not Found
mibcli,2025-11-05T14:52:46,getobject,FAP.0.TR196_CURRENT_ALARM,success,
mibcli,2025-11-05T14:52:47,get,FAP_LTE.0.LTE_ENB_TYPE:+LTE_X_RADISYS_NUM_OF_CELLS,success,
mibcli,2025-11-05T14:52:47,get,FAP_LTE.0.LTE_UL_PRB_RSSI_REPORT_ENABLE:+LTE_X_RADISYS_NUM_OF_CELLS,success,
mibcli,2025-11-05T14:52:47,get,FAP_LTE.0.LTE_ENB_TYPE:+LTE_UL_PRB_USAGE:+LTE_UL_PRB_RSSI_REPORT_ENABLE:+LTE_CELL_IDENTITY:+LTE_CELL_POWER_MODIFY:+LTE_PHY_CELLID_LIST:+LTE_EARFCNDL_LIST:+LTE_EARFCNUL_LIST:+LTE_DL_BANDWIDTH:+LTE_FREQ_BAND_INDICATOR:+LTE_TAC:+LTE_DL_PRB_USAGE:+LTE_UE_SPEED_STATISTICS:+LTE_TDD_SPECIAL_SUB_FRAME_PATTERNS:+LTE_TDD_SUBFRAME_ASSIGNMENT:+LTE_RF_CARRIER_COMMON_ADMIN_STATE:+LTE_X_RADISYS_NUM_OF_CELLS:+LTE_TOT_UL_TPT:+LTE_TOT_DL_TPT:+LTE_EXIST_PLMNID_LIST:+LTE_CELL_POWER_SET_ENABLE,success,
mibcli,2025-11-05T14:52:47,getobject,FAP_LTE.1.LTE_RAN_MOB_IDLE_MODE_INTER_FREQ_CARRIER,Failed,Object Not Found
mibcli,2025-11-05T14:52:47,getobject,FAP.0.TR196_HISTORY_EVENT,success,
mibcli,2025-11-05T14:52:47,get,FAP_LTE.1.LTE_UL_PRB_RSSI_REPORT_ENABLE,success,
mibcli,2025-11-05T14:52:47,get,FAP_LTE.1.LTE_UL_PRB_USAGE:+LTE_CELL_IDENTITY:+LTE_CELL_POWER_MODIFY:+LTE_PHY_CELLID_LIST:+LTE_EARFCNDL_LIST:+LTE_EARFCNUL_LIST:+LTE_DL_BANDWIDTH:+LTE_FREQ_BAND_INDICATOR:+LTE_DL_PRB_USAGE:+LTE_RF_CARRIER_COMMON_ADMIN_STATE:+LTE_UE_SPEED_STATISTICS:+LTE_TOT_UL_TPT:+LTE_TOT_DL_TPT:+LTE_EXIST_PLMNID_LIST:+LTE_CELL_POWER_SET_ENABLE,success,
mibcli,2025-11-05T14:52:47,getobject,FAP_LTE.0.LTE_RAN_NEIGH_LIST_LTE_CELL,Failed,Object Not Found
mibcli,2025-11-05T14:52:47,get,FAP_LTE.0.LTE_HOME_NODEB_NAME,success,
mibcli,2025-11-05T14:52:47,getobject,FAP_LTE.0.LTE_RAN_MOB_IDLE_MODE_INTER_FREQ_CARRIER,Failed,Object Not Found
mibcli,2025-11-05T14:52:47,getobject,FAP_LTE.1.LTE_RAN_NEIGH_LIST_LTE_CELL,Failed,Object Not Found
mibcli,2025-11-05T14:52:47,get,FAP_LTE.1.LTE_HOME_NODEB_NAME,success,
mibcli,2025-11-05T14:52:47,getobject,FAP_LTE.1.LTE_RAN_MOB_IDLE_MODE_INTER_FREQ_CARRIER,Failed,Object Not Found
mibcli,2025-11-05T14:52:47,getobject,FAP.0.MOCN_CFG,Failed,Object Not Found
mibcli,2025-11-05T14:52:48,getobject,FAP.0.SIMPLE_LBT_STATUS,success,
mibcli,2025-11-05T14:52:48,getobjectinstance,FAP.0.MULTI_CFG,success,
mibcli,2025-11-05T14:52:48,get,FAP_LTE.0.LTE_HOME_NODEB_NAME,success,
mibcli,2025-11-05T14:52:48,get,FAP_LTE.1.LTE_HOME_NODEB_NAME,success,
mibcli,2025-11-05T14:52:48,get,FAP_LTE.0.LTE_TOTCHART_DL_PRB:+LTE_TOTCHART_UL_PRB:+LTE_TOTCHART_DL_TPT:+LTE_TOTCHART_UL_TPT:+LTE_TOT_DL_TPT:+LTE_TOT_UL_TPT:+LTE_UL_PRB_USAGE:+LTE_DL_PRB_USAGE,success,
mibcli,2025-11-05T14:52:48,get,FAP_LTE.1.LTE_TOTCHART_DL_PRB:+LTE_TOTCHART_UL_PRB:+LTE_TOTCHART_DL_TPT:+LTE_TOTCHART_UL_TPT:+LTE_TOT_DL_TPT:+LTE_TOT_UL_TPT:+LTE_UL_PRB_USAGE:+LTE_DL_PRB_USAGE,success,
mibcli,2025-11-05T14:52:53,get,FAP.0.LOCAL_TIMEZONE_OFFSET_TO_GMT,success,
mibcli,2025-11-05T14:52:53,get,FAP.0.LTE_ENB_NAME_ENABLE:+HALOD_MODE:+HIDE_SENSITIVE_ENABLE:+MANUFACTURER:+UPTIME_STATUS:+LTE_LBO_SWITCH:+MODULE_TYPE:+EX_MODULE_TYPE:+LANGUAGE_CHOOSE:+DUPLEX_MODE:+TR069_SW_VERSION_STRING:+LONG_SERIAL_NUMBER:+LTE_HALOB_ENABLE_STATE:+LTE_X_RADISYS_CA_ENABLE:+LTE_LICENSE_HALOB_SINGLE_MODE_AVAILABLE:+LTE_LICENSE_HALOB_CENTRALIZED_MODE_AVAILABLE:+LMT_PRIMARY_STATUS:+SAS_ENABLE_MODE:,COMMISSIONING.0.UNIT_MAC_ADDRESS,success,
mibcli,2025-11-05T14:52:53,get,FAP.0.LOCAL_WEB_TIMEOUT,success,
mibcli,2025-11-05T14:52:53,get,FAP.0.LTE_X_RADISYS_CA_ENABLE,success,
mibcli,2025-11-05T14:52:53,get,FAP.0.LTE_MME_SHARED_ENABLE:+LTE_MOCN_PLMN_PRIMARY:+LTE_SIMPLE_LBT_ENABLE:+LTE_ENB_TYPE:+HMS_CONNECTED_STATE:+GPS_ANT_STATUS:+TUNNEL_CONFIG1_TUNNELENABLE:+TUNNEL_CONFIG2_TUNNELENABLE:+TUNNEL_CONFIG1_LINK_STATUS:+TUNNEL_CONFIG2_LINK_STATUS:+LTE_POOL_IPSEC1_ADDRESS:+LTE_POOL_IPSEC2_ADDRESS:+MAX_TX_POWER:+TOGGLE_SWITCH:+LTE_LICENSE_DC_AVAILABLE:+LTE_MMELIST_TUNNEL_MAP:+LTE_POOL_MME_LIST1:+LTE_POOL_MME_LIST2:+LTE_LICENSE_CA_AVAILABLE:+LTE_S1SIG_LINK_PORT:+MODULE_TYPE:+MME_IP_INTERFACE:+TFCS_MANAGER_CONFIG_PRIMSRC:+LTE_MME_IP_PLMN_LIST:+SUPPORTED_EXACT_POWER_RANGE:+LTE_MME_PLMN_STATUS:+LTE_S1CON_MODE:+TR069_SW_VERSION_STRING:+LONG_SERIAL_NUMBER:+REM_STATUS:+TFCS_SYNC_MGR_STATE:+LTE_RFTX_OP_STATE:+MME_STATUS:+LTE_LBO_TRANSFER_MODE:+LTE_LBO_SWITCH:+LTE_GET_IMSI_SWITCH:+SFP_STATUS:+SAS_ENABLE_MODE:+LTE_HALOB_ENABLE_STATE:+LTE_LICENSE_HALOB_CENTRALIZED_MODE_AVAILABLE:+LTE_LICENSE_HALOB_SINGLE_MODE_AVAILABLE:+ETH1_STATUS_SPEED:+ETH1_STATUS_LINK_STATUS:+LTE_MME_POOL_ENABLE:+LTE_MMEPOOL1_STATUS:+LTE_MMEPOOL2_STATUS:+WAN_CONFIG1_CONNECT_TYPE:+LTE_X_RADISYS_CA_ENABLE:+SAS_STATUS:+SAS_STATUS2:+SAS_OPERATION_STATUS:+UPTIME_STATUS:+IPSEC_ENABLE:,COMMISSIONING.0.UNIT_MAC_ADDRESS,success,
mibcli,2025-11-05T14:52:53,getobject,FAP_LTE.0.LTE_RAN_MOB_IDLE_MODE_INTER_FREQ_CARRIER,Failed,Object Not Found
mibcli,2025-11-05T14:52:53,getobject,FAP.0.TR196_CURRENT_ALARM,success,
mibcli,2025-11-05T14:52:53,get,FAP_LTE.0.LTE_ENB_TYPE:+LTE_X_RADISYS_NUM_OF_CELLS,success,
mibcli,2025-11-05T14:52:53,get,FAP_LTE.0.LTE_UL_PRB_RSSI_REPORT_ENABLE:+LTE_X_RADISYS_NUM_OF_CELLS,success,
mibcli,2025-11-05T14:52:53,get,FAP_LTE.0.LTE_ENB_TYPE:+LTE_UL_PRB_USAGE:+LTE_UL_PRB_RSSI_REPORT_ENABLE:+LTE_CELL_IDENTITY:+LTE_CELL_POWER_MODIFY:+LTE_PHY_CELLID_LIST:+LTE_EARFCNDL_LIST:+LTE_EARFCNUL_LIST:+LTE_DL_BANDWIDTH:+LTE_FREQ_BAND_INDICATOR:+LTE_TAC:+LTE_DL_PRB_USAGE:+LTE_UE_SPEED_STATISTICS:+LTE_TDD_SPECIAL_SUB_FRAME_PATTERNS:+LTE_TDD_SUBFRAME_ASSIGNMENT:+LTE_RF_CARRIER_COMMON_ADMIN_STATE:+LTE_X_RADISYS_NUM_OF_CELLS:+LTE_TOT_UL_TPT:+LTE_TOT_DL_TPT:+LTE_EXIST_PLMNID_LIST:+LTE_CELL_POWER_SET_ENABLE,success,
mibcli,2025-11-05T14:52:53,getobject,FAP_LTE.1.LTE_RAN_MOB_IDLE_MODE_INTER_FREQ_CARRIER,Failed,Object Not Found
mibcli,2025-11-05T14:52:54,getobject,FAP.0.TR196_HISTORY_EVENT,success,
mibcli,2025-11-05T14:52:54,get,FAP_LTE.1.LTE_UL_PRB_RSSI_REPORT_ENABLE,success,
mibcli,2025-11-05T14:52:54,get,FAP_LTE.1.LTE_UL_PRB_USAGE:+LTE_CELL_IDENTITY:+LTE_CELL_POWER_MODIFY:+LTE_PHY_CELLID_LIST:+LTE_EARFCNDL_LIST:+LTE_EARFCNUL_LIST:+LTE_DL_BANDWIDTH:+LTE_FREQ_BAND_INDICATOR:+LTE_DL_PRB_USAGE:+LTE_RF_CARRIER_COMMON_ADMIN_STATE:+LTE_UE_SPEED_STATISTICS:+LTE_TOT_UL_TPT:+LTE_TOT_DL_TPT:+LTE_EXIST_PLMNID_LIST:+LTE_CELL_POWER_SET_ENABLE,success,
mibcli,2025-11-05T14:52:54,getobject,FAP_LTE.0.LTE_RAN_NEIGH_LIST_LTE_CELL,Failed,Object Not Found
mibcli,2025-11-05T14:52:54,get,FAP_LTE.0.LTE_HOME_NODEB_NAME,success,
mibcli,2025-11-05T14:52:54,getobject,FAP_LTE.1.LTE_RAN_NEIGH_LIST_LTE_CELL,Failed,Object Not Found
mibcli,2025-11-05T14:52:54,getobject,FAP_LTE.0.LTE_RAN_MOB_IDLE_MODE_INTER_FREQ_CARRIER,Failed,Object Not Found
mibcli,2025-11-05T14:52:54,get,FAP_LTE.1.LTE_HOME_NODEB_NAME,success,
mibcli,2025-11-05T14:52:54,getobject,FAP_LTE.1.LTE_RAN_MOB_IDLE_MODE_INTER_FREQ_CARRIER,Failed,Object Not Found
mibcli,2025-11-05T14:52:54,getobject,FAP.0.MOCN_CFG,Failed,Object Not Found
mibcli,2025-11-05T14:52:54,getobject,FAP.0.SIMPLE_LBT_STATUS,success,
mibcli,2025-11-05T14:52:54,getobjectinstance,FAP.0.MULTI_CFG,success,
mibcli,2025-11-05T14:52:55,get,FAP_LTE.0.LTE_HOME_NODEB_NAME,success,
mibcli,2025-11-05T14:52:55,get,FAP_LTE.1.LTE_HOME_NODEB_NAME,success,
mibcli,2025-11-05T14:52:55,get,FAP_LTE.0.LTE_TOTCHART_DL_PRB:+LTE_TOTCHART_UL_PRB:+LTE_TOTCHART_DL_TPT:+LTE_TOTCHART_UL_TPT:+LTE_TOT_DL_TPT:+LTE_TOT_UL_TPT:+LTE_UL_PRB_USAGE:+LTE_DL_PRB_USAGE,success,
mibcli,2025-11-05T14:52:55,get,FAP_LTE.1.LTE_TOTCHART_DL_PRB:+LTE_TOTCHART_UL_PRB:+LTE_TOTCHART_DL_TPT:+LTE_TOTCHART_UL_TPT:+LTE_TOT_DL_TPT:+LTE_TOT_UL_TPT:+LTE_UL_PRB_USAGE:+LTE_DL_PRB_USAGE,success,
mibcli,2025-11-05T14:53:03,get,FAP.0.LOCAL_TIMEZONE_OFFSET_TO_GMT,success,
mibcli,2025-11-05T14:53:03,get,FAP.0.LOCAL_WEB_TIMEOUT,success,
mibcli,2025-11-05T14:53:04,get,FAP.0.LTE_ENB_NAME_ENABLE:+HALOD_MODE:+HIDE_SENSITIVE_ENABLE:+MANUFACTURER:+UPTIME_STATUS:+LTE_LBO_SWITCH:+MODULE_TYPE:+EX_MODULE_TYPE:+LANGUAGE_CHOOSE:+DUPLEX_MODE:+TR069_SW_VERSION_STRING:+LONG_SERIAL_NUMBER:+LTE_HALOB_ENABLE_STATE:+LTE_X_RADISYS_CA_ENABLE:+LTE_LICENSE_HALOB_SINGLE_MODE_AVAILABLE:+LTE_LICENSE_HALOB_CENTRALIZED_MODE_AVAILABLE:+LMT_PRIMARY_STATUS:+SAS_ENABLE_MODE:,COMMISSIONING.0.UNIT_MAC_ADDRESS,success,
mibcli,2025-11-05T14:53:04,get,FAP.0.LTE_X_RADISYS_CA_ENABLE,success,
mibcli,2025-11-05T14:53:04,getobject,FAP_LTE.0.LTE_RAN_MOB_IDLE_MODE_INTER_FREQ_CARRIER,Failed,Object Not Found
mibcli,2025-11-05T14:53:04,get,FAP.0.LTE_MME_SHARED_ENABLE:+LTE_MOCN_PLMN_PRIMARY:+LTE_SIMPLE_LBT_ENABLE:+LTE_ENB_TYPE:+HMS_CONNECTED_STATE:+GPS_ANT_STATUS:+TUNNEL_CONFIG1_TUNNELENABLE:+TUNNEL_CONFIG2_TUNNELENABLE:+TUNNEL_CONFIG1_LINK_STATUS:+TUNNEL_CONFIG2_LINK_STATUS:+LTE_POOL_IPSEC1_ADDRESS:+LTE_POOL_IPSEC2_ADDRESS:+MAX_TX_POWER:+TOGGLE_SWITCH:+LTE_LICENSE_DC_AVAILABLE:+LTE_MMELIST_TUNNEL_MAP:+LTE_POOL_MME_LIST1:+LTE_POOL_MME_LIST2:+LTE_LICENSE_CA_AVAILABLE:+LTE_S1SIG_LINK_PORT:+MODULE_TYPE:+MME_IP_INTERFACE:+TFCS_MANAGER_CONFIG_PRIMSRC:+LTE_MME_IP_PLMN_LIST:+SUPPORTED_EXACT_POWER_RANGE:+LTE_MME_PLMN_STATUS:+LTE_S1CON_MODE:+TR069_SW_VERSION_STRING:+LONG_SERIAL_NUMBER:+REM_STATUS:+TFCS_SYNC_MGR_STATE:+LTE_RFTX_OP_STATE:+MME_STATUS:+LTE_LBO_TRANSFER_MODE:+LTE_LBO_SWITCH:+LTE_GET_IMSI_SWITCH:+SFP_STATUS:+SAS_ENABLE_MODE:+LTE_HALOB_ENABLE_STATE:+LTE_LICENSE_HALOB_CENTRALIZED_MODE_AVAILABLE:+LTE_LICENSE_HALOB_SINGLE_MODE_AVAILABLE:+ETH1_STATUS_SPEED:+ETH1_STATUS_LINK_STATUS:+LTE_MME_POOL_ENABLE:+LTE_MMEPOOL1_STATUS:+LTE_MMEPOOL2_STATUS:+WAN_CONFIG1_CONNECT_TYPE:+LTE_X_RADISYS_CA_ENABLE:+SAS_STATUS:+SAS_STATUS2:+SAS_OPERATION_STATUS:+UPTIME_STATUS:+IPSEC_ENABLE:,COMMISSIONING.0.UNIT_MAC_ADDRESS,success,
mibcli,2025-11-05T14:53:04,getobject,FAP.0.TR196_CURRENT_ALARM,success,
mibcli,2025-11-05T14:53:04,get,FAP_LTE.0.LTE_ENB_TYPE:+LTE_X_RADISYS_NUM_OF_CELLS,success,
mibcli,2025-11-05T14:53:04,getobject,FAP_LTE.1.LTE_RAN_MOB_IDLE_MODE_INTER_FREQ_CARRIER,Failed,Object Not Found
mibcli,2025-11-05T14:53:04,get,FAP_LTE.0.LTE_UL_PRB_RSSI_REPORT_ENABLE:+LTE_X_RADISYS_NUM_OF_CELLS,success,
mibcli,2025-11-05T14:53:04,get,FAP_LTE.0.LTE_ENB_TYPE:+LTE_UL_PRB_USAGE:+LTE_UL_PRB_RSSI_REPORT_ENABLE:+LTE_CELL_IDENTITY:+LTE_CELL_POWER_MODIFY:+LTE_PHY_CELLID_LIST:+LTE_EARFCNDL_LIST:+LTE_EARFCNUL_LIST:+LTE_DL_BANDWIDTH:+LTE_FREQ_BAND_INDICATOR:+LTE_TAC:+LTE_DL_PRB_USAGE:+LTE_UE_SPEED_STATISTICS:+LTE_TDD_SPECIAL_SUB_FRAME_PATTERNS:+LTE_TDD_SUBFRAME_ASSIGNMENT:+LTE_RF_CARRIER_COMMON_ADMIN_STATE:+LTE_X_RADISYS_NUM_OF_CELLS:+LTE_TOT_UL_TPT:+LTE_TOT_DL_TPT:+LTE_EXIST_PLMNID_LIST:+LTE_CELL_POWER_SET_ENABLE,success,
mibcli,2025-11-05T14:53:04,getobject,FAP.0.TR196_HISTORY_EVENT,success,
mibcli,2025-11-05T14:53:04,getobject,FAP_LTE.0.LTE_RAN_NEIGH_LIST_LTE_CELL,Failed,Object Not Found
mibcli,2025-11-05T14:53:05,get,FAP_LTE.1.LTE_UL_PRB_RSSI_REPORT_ENABLE,success,
mibcli,2025-11-05T14:53:05,get,FAP_LTE.1.LTE_UL_PRB_USAGE:+LTE_CELL_IDENTITY:+LTE_CELL_POWER_MODIFY:+LTE_PHY_CELLID_LIST:+LTE_EARFCNDL_LIST:+LTE_EARFCNUL_LIST:+LTE_DL_BANDWIDTH:+LTE_FREQ_BAND_INDICATOR:+LTE_DL_PRB_USAGE:+LTE_RF_CARRIER_COMMON_ADMIN_STATE:+LTE_UE_SPEED_STATISTICS:+LTE_TOT_UL_TPT:+LTE_TOT_DL_TPT:+LTE_EXIST_PLMNID_LIST:+LTE_CELL_POWER_SET_ENABLE,success,
mibcli,2025-11-05T14:53:05,get,FAP_LTE.0.LTE_HOME_NODEB_NAME,success,
mibcli,2025-11-05T14:53:05,getobject,FAP_LTE.1.LTE_RAN_NEIGH_LIST_LTE_CELL,Failed,Object Not Found
mibcli,2025-11-05T14:53:05,getobject,FAP_LTE.0.LTE_RAN_MOB_IDLE_MODE_INTER_FREQ_CARRIER,Failed,Object Not Found
mibcli,2025-11-05T14:53:05,get,FAP_LTE.1.LTE_HOME_NODEB_NAME,success,
mibcli,2025-11-05T14:53:05,getobject,FAP_LTE.1.LTE_RAN_MOB_IDLE_MODE_INTER_FREQ_CARRIER,Failed,Object Not Found
mibcli,2025-11-05T14:53:05,getobject,FAP.0.MOCN_CFG,Failed,Object Not Found
mibcli,2025-11-05T14:53:05,getobject,FAP.0.SIMPLE_LBT_STATUS,success,
mibcli,2025-11-05T14:53:05,getobjectinstance,FAP.0.MULTI_CFG,success,
mibcli,2025-11-05T14:53:05,get,FAP_LTE.0.LTE_HOME_NODEB_NAME,success,
mibcli,2025-11-05T14:53:05,get,FAP_LTE.1.LTE_HOME_NODEB_NAME,success,
mibcli,2025-11-05T14:53:06,get,FAP_LTE.0.LTE_TOTCHART_DL_PRB:+LTE_TOTCHART_UL_PRB:+LTE_TOTCHART_DL_TPT:+LTE_TOTCHART_UL_TPT:+LTE_TOT_DL_TPT:+LTE_TOT_UL_TPT:+LTE_UL_PRB_USAGE:+LTE_DL_PRB_USAGE,success,
mibcli,2025-11-05T14:53:06,get,FAP_LTE.1.LTE_TOTCHART_DL_PRB:+LTE_TOTCHART_UL_PRB:+LTE_TOTCHART_DL_TPT:+LTE_TOTCHART_UL_TPT:+LTE_TOT_DL_TPT:+LTE_TOT_UL_TPT:+LTE_UL_PRB_USAGE:+LTE_DL_PRB_USAGE,success,
mibcli,2025-11-05T14:53:10,get,FAP.0.LTE_ENB_NAME_ENABLE:+HALOD_MODE:+HIDE_SENSITIVE_ENABLE:+MANUFACTURER:+UPTIME_STATUS:+LTE_LBO_SWITCH:+MODULE_TYPE:+EX_MODULE_TYPE:+LANGUAGE_CHOOSE:+DUPLEX_MODE:+TR069_SW_VERSION_STRING:+LONG_SERIAL_NUMBER:+LTE_HALOB_ENABLE_STATE:+LTE_X_RADISYS_CA_ENABLE:+LTE_LICENSE_HALOB_SINGLE_MODE_AVAILABLE:+LTE_LICENSE_HALOB_CENTRALIZED_MODE_AVAILABLE:+LMT_PRIMARY_STATUS:+SAS_ENABLE_MODE:,COMMISSIONING.0.UNIT_MAC_ADDRESS,success,
mibcli,2025-11-05T14:53:10,get,FAP.0.LOCAL_TIMEZONE_OFFSET_TO_GMT,success,
mibcli,2025-11-05T14:53:10,get,FAP_LTE.0.LTE_ENB_TYPE:+LTE_X_RADISYS_NUM_OF_CELLS,success,
mibcli,2025-11-05T14:53:10,getobject,FAP.0.TR196_CURRENT_ALARM,success,
mibcli,2025-11-05T14:53:10,getobject,FAP.0.TR196_HISTORY_EVENT,success,
mibcli,2025-11-05T14:53:10,get,FAP_LTE.0.LTE_HOME_NODEB_NAME,success,
mibcli,2025-11-05T14:53:10,get,FAP_LTE.1.LTE_HOME_NODEB_NAME,success,
mibcli,2025-11-05T14:53:13,get,FAP.0.LTE_ENB_NAME_ENABLE:+HALOD_MODE:+HIDE_SENSITIVE_ENABLE:+MANUFACTURER:+UPTIME_STATUS:+LTE_LBO_SWITCH:+MODULE_TYPE:+EX_MODULE_TYPE:+LANGUAGE_CHOOSE:+DUPLEX_MODE:+TR069_SW_VERSION_STRING:+LONG_SERIAL_NUMBER:+LTE_HALOB_ENABLE_STATE:+LTE_X_RADISYS_CA_ENABLE:+LTE_LICENSE_HALOB_SINGLE_MODE_AVAILABLE:+LTE_LICENSE_HALOB_CENTRALIZED_MODE_AVAILABLE:+LMT_PRIMARY_STATUS:+SAS_ENABLE_MODE:,COMMISSIONING.0.UNIT_MAC_ADDRESS,success,
mibcli,2025-11-05T14:53:13,getobject,FAP_LTE.0.LTE_RAN_MOB_IDLE_MODE_INTER_FREQ_CARRIER,Failed,Object Not Found
mibcli,2025-11-05T14:53:13,get,FAP.0.LTE_MME_SHARED_ENABLE:+LTE_MOCN_PLMN_PRIMARY:+LTE_SIMPLE_LBT_ENABLE:+LTE_ENB_TYPE:+HMS_CONNECTED_STATE:+GPS_ANT_STATUS:+TUNNEL_CONFIG1_TUNNELENABLE:+TUNNEL_CONFIG2_TUNNELENABLE:+TUNNEL_CONFIG1_LINK_STATUS:+TUNNEL_CONFIG2_LINK_STATUS:+LTE_POOL_IPSEC1_ADDRESS:+LTE_POOL_IPSEC2_ADDRESS:+MAX_TX_POWER:+TOGGLE_SWITCH:+LTE_LICENSE_DC_AVAILABLE:+LTE_MMELIST_TUNNEL_MAP:+LTE_POOL_MME_LIST1:+LTE_POOL_MME_LIST2:+LTE_LICENSE_CA_AVAILABLE:+LTE_S1SIG_LINK_PORT:+MODULE_TYPE:+MME_IP_INTERFACE:+TFCS_MANAGER_CONFIG_PRIMSRC:+LTE_MME_IP_PLMN_LIST:+SUPPORTED_EXACT_POWER_RANGE:+LTE_MME_PLMN_STATUS:+LTE_S1CON_MODE:+TR069_SW_VERSION_STRING:+LONG_SERIAL_NUMBER:+REM_STATUS:+TFCS_SYNC_MGR_STATE:+LTE_RFTX_OP_STATE:+MME_STATUS:+LTE_LBO_TRANSFER_MODE:+LTE_LBO_SWITCH:+LTE_GET_IMSI_SWITCH:+SFP_STATUS:+SAS_ENABLE_MODE:+LTE_HALOB_ENABLE_STATE:+LTE_LICENSE_HALOB_CENTRALIZED_MODE_AVAILABLE:+LTE_LICENSE_HALOB_SINGLE_MODE_AVAILABLE:+ETH1_STATUS_SPEED:+ETH1_STATUS_LINK_STATUS:+LTE_MME_POOL_ENABLE:+LTE_MMEPOOL1_STATUS:+LTE_MMEPOOL2_STATUS:+WAN_CONFIG1_CONNECT_TYPE:+LTE_X_RADISYS_CA_ENABLE:+SAS_STATUS:+SAS_STATUS2:+SAS_OPERATION_STATUS:+UPTIME_STATUS:+IPSEC_ENABLE:,COMMISSIONING.0.UNIT_MAC_ADDRESS,success,
mibcli,2025-11-05T14:53:13,get,FAP_LTE.0.LTE_ENB_TYPE:+LTE_X_RADISYS_NUM_OF_CELLS,success,
mibcli,2025-11-05T14:53:13,getobject,FAP_LTE.1.LTE_RAN_MOB_IDLE_MODE_INTER_FREQ_CARRIER,Failed,Object Not Found
mibcli,2025-11-05T14:53:13,get,FAP_LTE.0.LTE_ENB_TYPE:+LTE_UL_PRB_USAGE:+LTE_UL_PRB_RSSI_REPORT_ENABLE:+LTE_CELL_IDENTITY:+LTE_CELL_POWER_MODIFY:+LTE_PHY_CELLID_LIST:+LTE_EARFCNDL_LIST:+LTE_EARFCNUL_LIST:+LTE_DL_BANDWIDTH:+LTE_FREQ_BAND_INDICATOR:+LTE_TAC:+LTE_DL_PRB_USAGE:+LTE_UE_SPEED_STATISTICS:+LTE_TDD_SPECIAL_SUB_FRAME_PATTERNS:+LTE_TDD_SUBFRAME_ASSIGNMENT:+LTE_RF_CARRIER_COMMON_ADMIN_STATE:+LTE_X_RADISYS_NUM_OF_CELLS:+LTE_TOT_UL_TPT:+LTE_TOT_DL_TPT:+LTE_EXIST_PLMNID_LIST:+LTE_CELL_POWER_SET_ENABLE,success,
mibcli,2025-11-05T14:53:13,getobject,FAP_LTE.0.LTE_RAN_NEIGH_LIST_LTE_CELL,Failed,Object Not Found
mibcli,2025-11-05T14:53:13,get,FAP_LTE.1.LTE_UL_PRB_USAGE:+LTE_CELL_IDENTITY:+LTE_CELL_POWER_MODIFY:+LTE_PHY_CELLID_LIST:+LTE_EARFCNDL_LIST:+LTE_EARFCNUL_LIST:+LTE_DL_BANDWIDTH:+LTE_FREQ_BAND_INDICATOR:+LTE_DL_PRB_USAGE:+LTE_RF_CARRIER_COMMON_ADMIN_STATE:+LTE_UE_SPEED_STATISTICS:+LTE_TOT_UL_TPT:+LTE_TOT_DL_TPT:+LTE_EXIST_PLMNID_LIST:+LTE_CELL_POWER_SET_ENABLE,success,
mibcli,2025-11-05T14:53:13,get,FAP_LTE.0.LTE_HOME_NODEB_NAME,success,
mibcli,2025-11-05T14:53:13,getobject,FAP_LTE.1.LTE_RAN_NEIGH_LIST_LTE_CELL,Failed,Object Not Found
mibcli,2025-11-05T14:53:14,getobject,FAP_LTE.0.LTE_RAN_MOB_IDLE_MODE_INTER_FREQ_CARRIER,Failed,Object Not Found
mibcli,2025-11-05T14:53:14,get,FAP_LTE.1.LTE_HOME_NODEB_NAME,success,
mibcli,2025-11-05T14:53:14,getobject,FAP_LTE.1.LTE_RAN_MOB_IDLE_MODE_INTER_FREQ_CARRIER,Failed,Object Not Found
mibcli,2025-11-05T14:53:14,getobject,FAP.0.MOCN_CFG,Failed,Object Not Found
mibcli,2025-11-05T14:53:14,getobject,FAP.0.SIMPLE_LBT_STATUS,success,
mibcli,2025-11-05T14:53:14,getobjectinstance,FAP.0.MULTI_CFG,success,
mibcli,2025-11-05T14:53:14,get,FAP_LTE.0.LTE_HOME_NODEB_NAME,success,
mibcli,2025-11-05T14:53:14,get,FAP_LTE.1.LTE_HOME_NODEB_NAME,success,
mibcli,2025-11-05T14:53:14,get,FAP_LTE.0.LTE_TOTCHART_DL_PRB:+LTE_TOTCHART_UL_PRB:+LTE_TOTCHART_DL_TPT:+LTE_TOTCHART_UL_TPT:+LTE_TOT_DL_TPT:+LTE_TOT_UL_TPT:+LTE_UL_PRB_USAGE:+LTE_DL_PRB_USAGE,success,
mibcli,2025-11-05T14:53:14,get,FAP_LTE.1.LTE_TOTCHART_DL_PRB:+LTE_TOTCHART_UL_PRB:+LTE_TOTCHART_DL_TPT:+LTE_TOTCHART_UL_TPT:+LTE_TOT_DL_TPT:+LTE_TOT_UL_TPT:+LTE_UL_PRB_USAGE:+LTE_DL_PRB_USAGE,success,
mibcli,2025-11-05T14:53:17,get,FAP.0.LOCAL_TIMEZONE_OFFSET_TO_GMT,success,
mibcli,2025-11-05T14:53:17,get,FAP.0.LOCAL_WEB_TIMEOUT,success,
mibcli,2025-11-05T14:53:17,get,FAP.0.LTE_X_RADISYS_CA_ENABLE,success,
mibcli,2025-11-05T14:53:17,get,FAP.0.LTE_ENB_NAME_ENABLE:+HALOD_MODE:+HIDE_SENSITIVE_ENABLE:+MANUFACTURER:+UPTIME_STATUS:+LTE_LBO_SWITCH:+MODULE_TYPE:+EX_MODULE_TYPE:+LANGUAGE_CHOOSE:+DUPLEX_MODE:+TR069_SW_VERSION_STRING:+LONG_SERIAL_NUMBER:+LTE_HALOB_ENABLE_STATE:+LTE_X_RADISYS_CA_ENABLE:+LTE_LICENSE_HALOB_SINGLE_MODE_AVAILABLE:+LTE_LICENSE_HALOB_CENTRALIZED_MODE_AVAILABLE:+LMT_PRIMARY_STATUS:+SAS_ENABLE_MODE:,COMMISSIONING.0.UNIT_MAC_ADDRESS,success,
mibcli,2025-11-05T14:53:17,getobject,FAP_LTE.0.LTE_RAN_MOB_IDLE_MODE_INTER_FREQ_CARRIER,Failed,Object Not Found
mibcli,2025-11-05T14:53:17,get,FAP.0.LTE_MME_SHARED_ENABLE:+LTE_MOCN_PLMN_PRIMARY:+LTE_SIMPLE_LBT_ENABLE:+LTE_ENB_TYPE:+HMS_CONNECTED_STATE:+GPS_ANT_STATUS:+TUNNEL_CONFIG1_TUNNELENABLE:+TUNNEL_CONFIG2_TUNNELENABLE:+TUNNEL_CONFIG1_LINK_STATUS:+TUNNEL_CONFIG2_LINK_STATUS:+LTE_POOL_IPSEC1_ADDRESS:+LTE_POOL_IPSEC2_ADDRESS:+MAX_TX_POWER:+TOGGLE_SWITCH:+LTE_LICENSE_DC_AVAILABLE:+LTE_MMELIST_TUNNEL_MAP:+LTE_POOL_MME_LIST1:+LTE_POOL_MME_LIST2:+LTE_LICENSE_CA_AVAILABLE:+LTE_S1SIG_LINK_PORT:+MODULE_TYPE:+MME_IP_INTERFACE:+TFCS_MANAGER_CONFIG_PRIMSRC:+LTE_MME_IP_PLMN_LIST:+SUPPORTED_EXACT_POWER_RANGE:+LTE_MME_PLMN_STATUS:+LTE_S1CON_MODE:+TR069_SW_VERSION_STRING:+LONG_SERIAL_NUMBER:+REM_STATUS:+TFCS_SYNC_MGR_STATE:+LTE_RFTX_OP_STATE:+MME_STATUS:+LTE_LBO_TRANSFER_MODE:+LTE_LBO_SWITCH:+LTE_GET_IMSI_SWITCH:+SFP_STATUS:+SAS_ENABLE_MODE:+LTE_HALOB_ENABLE_STATE:+LTE_LICENSE_HALOB_CENTRALIZED_MODE_AVAILABLE:+LTE_LICENSE_HALOB_SINGLE_MODE_AVAILABLE:+ETH1_STATUS_SPEED:+ETH1_STATUS_LINK_STATUS:+LTE_MME_POOL_ENABLE:+LTE_MMEPOOL1_STATUS:+LTE_MMEPOOL2_STATUS:+WAN_CONFIG1_CONNECT_TYPE:+LTE_X_RADISYS_CA_ENABLE:+SAS_STATUS:+SAS_STATUS2:+SAS_OPERATION_STATUS:+UPTIME_STATUS:+IPSEC_ENABLE:,COMMISSIONING.0.UNIT_MAC_ADDRESS,success,
mibcli,2025-11-05T14:53:17,getobject,FAP.0.TR196_CURRENT_ALARM,success,
mibcli,2025-11-05T14:53:18,get,FAP_LTE.0.LTE_UL_PRB_RSSI_REPORT_ENABLE:+LTE_X_RADISYS_NUM_OF_CELLS,success,
mibcli,2025-11-05T14:53:18,getobject,FAP_LTE.1.LTE_RAN_MOB_IDLE_MODE_INTER_FREQ_CARRIER,Failed,Object Not Found
mibcli,2025-11-05T14:53:18,get,FAP_LTE.0.LTE_ENB_TYPE:+LTE_X_RADISYS_NUM_OF_CELLS,success,
mibcli,2025-11-05T14:53:18,get,FAP_LTE.0.LTE_ENB_TYPE:+LTE_UL_PRB_USAGE:+LTE_UL_PRB_RSSI_REPORT_ENABLE:+LTE_CELL_IDENTITY:+LTE_CELL_POWER_MODIFY:+LTE_PHY_CELLID_LIST:+LTE_EARFCNDL_LIST:+LTE_EARFCNUL_LIST:+LTE_DL_BANDWIDTH:+LTE_FREQ_BAND_INDICATOR:+LTE_TAC:+LTE_DL_PRB_USAGE:+LTE_UE_SPEED_STATISTICS:+LTE_TDD_SPECIAL_SUB_FRAME_PATTERNS:+LTE_TDD_SUBFRAME_ASSIGNMENT:+LTE_RF_CARRIER_COMMON_ADMIN_STATE:+LTE_X_RADISYS_NUM_OF_CELLS:+LTE_TOT_UL_TPT:+LTE_TOT_DL_TPT:+LTE_EXIST_PLMNID_LIST:+LTE_CELL_POWER_SET_ENABLE,success,
mibcli,2025-11-05T14:53:18,getobject,FAP.0.TR196_HISTORY_EVENT,success,
mibcli,2025-11-05T14:53:18,get,FAP_LTE.1.LTE_UL_PRB_RSSI_REPORT_ENABLE,success,
mibcli,2025-11-05T14:53:18,getobject,FAP_LTE.0.LTE_RAN_NEIGH_LIST_LTE_CELL,Failed,Object Not Found
mibcli,2025-11-05T14:53:18,get,FAP_LTE.1.LTE_UL_PRB_USAGE:+LTE_CELL_IDENTITY:+LTE_CELL_POWER_MODIFY:+LTE_PHY_CELLID_LIST:+LTE_EARFCNDL_LIST:+LTE_EARFCNUL_LIST:+LTE_DL_BANDWIDTH:+LTE_FREQ_BAND_INDICATOR:+LTE_DL_PRB_USAGE:+LTE_RF_CARRIER_COMMON_ADMIN_STATE:+LTE_UE_SPEED_STATISTICS:+LTE_TOT_UL_TPT:+LTE_TOT_DL_TPT:+LTE_EXIST_PLMNID_LIST:+LTE_CELL_POWER_SET_ENABLE,success,
mibcli,2025-11-05T14:53:18,get,FAP_LTE.0.LTE_HOME_NODEB_NAME,success,
mibcli,2025-11-05T14:53:18,getobject,FAP_LTE.1.LTE_RAN_NEIGH_LIST_LTE_CELL,Failed,Object Not Found
mibcli,2025-11-05T14:53:18,getobject,FAP_LTE.0.LTE_RAN_MOB_IDLE_MODE_INTER_FREQ_CARRIER,Failed,Object Not Found
mibcli,2025-11-05T14:53:18,get,FAP_LTE.1.LTE_HOME_NODEB_NAME,success,
mibcli,2025-11-05T14:53:19,getobject,FAP_LTE.1.LTE_RAN_MOB_IDLE_MODE_INTER_FREQ_CARRIER,Failed,Object Not Found
mibcli,2025-11-05T14:53:19,getobject,FAP.0.MOCN_CFG,Failed,Object Not Found
mibcli,2025-11-05T14:53:19,getobject,FAP.0.SIMPLE_LBT_STATUS,success,
mibcli,2025-11-05T14:53:19,getobjectinstance,FAP.0.MULTI_CFG,success,
mibcli,2025-11-05T14:53:19,get,FAP_LTE.0.LTE_HOME_NODEB_NAME,success,
mibcli,2025-11-05T14:53:19,get,FAP_LTE.1.LTE_HOME_NODEB_NAME,success,
mibcli,2025-11-05T14:53:19,get,FAP_LTE.0.LTE_TOTCHART_DL_PRB:+LTE_TOTCHART_UL_PRB:+LTE_TOTCHART_DL_TPT:+LTE_TOTCHART_UL_TPT:+LTE_TOT_DL_TPT:+LTE_TOT_UL_TPT:+LTE_UL_PRB_USAGE:+LTE_DL_PRB_USAGE,success,
mibcli,2025-11-05T14:53:19,get,FAP_LTE.1.LTE_TOTCHART_DL_PRB:+LTE_TOTCHART_UL_PRB:+LTE_TOTCHART_DL_TPT:+LTE_TOTCHART_UL_TPT:+LTE_TOT_DL_TPT:+LTE_TOT_UL_TPT:+LTE_UL_PRB_USAGE:+LTE_DL_PRB_USAGE,success,
mibcli,2025-11-05T14:53:45,get,FAP.0.LTE_ENB_NAME_ENABLE:+HALOD_MODE:+HIDE_SENSITIVE_ENABLE:+MANUFACTURER:+UPTIME_STATUS:+LTE_LBO_SWITCH:+MODULE_TYPE:+EX_MODULE_TYPE:+LANGUAGE_CHOOSE:+DUPLEX_MODE:+TR069_SW_VERSION_STRING:+LONG_SERIAL_NUMBER:+LTE_HALOB_ENABLE_STATE:+LTE_X_RADISYS_CA_ENABLE:+LTE_LICENSE_HALOB_SINGLE_MODE_AVAILABLE:+LTE_LICENSE_HALOB_CENTRALIZED_MODE_AVAILABLE:+LMT_PRIMARY_STATUS:+SAS_ENABLE_MODE:,COMMISSIONING.0.UNIT_MAC_ADDRESS,success,
mibcli,2025-11-05T14:53:45,get,FAP.0.LOCAL_TIMEZONE_OFFSET_TO_GMT,success,
mibcli,2025-11-05T14:53:45,get,FAP.0.LTE_X_RADISYS_CA_ENABLE,success,
mibcli,2025-11-05T14:53:45,get,FAP.0.LOCAL_WEB_TIMEOUT,success,
mibcli,2025-11-05T14:53:45,get,FAP.0.LTE_MME_SHARED_ENABLE:+LTE_MOCN_PLMN_PRIMARY:+LTE_SIMPLE_LBT_ENABLE:+LTE_ENB_TYPE:+HMS_CONNECTED_STATE:+GPS_ANT_STATUS:+TUNNEL_CONFIG1_TUNNELENABLE:+TUNNEL_CONFIG2_TUNNELENABLE:+TUNNEL_CONFIG1_LINK_STATUS:+TUNNEL_CONFIG2_LINK_STATUS:+LTE_POOL_IPSEC1_ADDRESS:+LTE_POOL_IPSEC2_ADDRESS:+MAX_TX_POWER:+TOGGLE_SWITCH:+LTE_LICENSE_DC_AVAILABLE:+LTE_MMELIST_TUNNEL_MAP:+LTE_POOL_MME_LIST1:+LTE_POOL_MME_LIST2:+LTE_LICENSE_CA_AVAILABLE:+LTE_S1SIG_LINK_PORT:+MODULE_TYPE:+MME_IP_INTERFACE:+TFCS_MANAGER_CONFIG_PRIMSRC:+LTE_MME_IP_PLMN_LIST:+SUPPORTED_EXACT_POWER_RANGE:+LTE_MME_PLMN_STATUS:+LTE_S1CON_MODE:+TR069_SW_VERSION_STRING:+LONG_SERIAL_NUMBER:+REM_STATUS:+TFCS_SYNC_MGR_STATE:+LTE_RFTX_OP_STATE:+MME_STATUS:+LTE_LBO_TRANSFER_MODE:+LTE_LBO_SWITCH:+LTE_GET_IMSI_SWITCH:+SFP_STATUS:+SAS_ENABLE_MODE:+LTE_HALOB_ENABLE_STATE:+LTE_LICENSE_HALOB_CENTRALIZED_MODE_AVAILABLE:+LTE_LICENSE_HALOB_SINGLE_MODE_AVAILABLE:+ETH1_STATUS_SPEED:+ETH1_STATUS_LINK_STATUS:+LTE_MME_POOL_ENABLE:+LTE_MMEPOOL1_STATUS:+LTE_MMEPOOL2_STATUS:+WAN_CONFIG1_CONNECT_TYPE:+LTE_X_RADISYS_CA_ENABLE:+SAS_STATUS:+SAS_STATUS2:+SAS_OPERATION_STATUS:+UPTIME_STATUS:+IPSEC_ENABLE:,COMMISSIONING.0.UNIT_MAC_ADDRESS,success,
mibcli,2025-11-05T14:53:45,getobject,FAP_LTE.0.LTE_RAN_MOB_IDLE_MODE_INTER_FREQ_CARRIER,Failed,Object Not Found
mibcli,2025-11-05T14:53:46,get,FAP_LTE.0.LTE_ENB_TYPE:+LTE_X_RADISYS_NUM_OF_CELLS,success,
mibcli,2025-11-05T14:53:46,getobject,FAP.0.TR196_CURRENT_ALARM,success,
mibcli,2025-11-05T14:53:46,get,FAP_LTE.0.LTE_UL_PRB_RSSI_REPORT_ENABLE:+LTE_X_RADISYS_NUM_OF_CELLS,success,
mibcli,2025-11-05T14:53:46,getobject,FAP_LTE.1.LTE_RAN_MOB_IDLE_MODE_INTER_FREQ_CARRIER,Failed,Object Not Found
mibcli,2025-11-05T14:53:46,get,FAP_LTE.0.LTE_ENB_TYPE:+LTE_UL_PRB_USAGE:+LTE_UL_PRB_RSSI_REPORT_ENABLE:+LTE_CELL_IDENTITY:+LTE_CELL_POWER_MODIFY:+LTE_PHY_CELLID_LIST:+LTE_EARFCNDL_LIST:+LTE_EARFCNUL_LIST:+LTE_DL_BANDWIDTH:+LTE_FREQ_BAND_INDICATOR:+LTE_TAC:+LTE_DL_PRB_USAGE:+LTE_UE_SPEED_STATISTICS:+LTE_TDD_SPECIAL_SUB_FRAME_PATTERNS:+LTE_TDD_SUBFRAME_ASSIGNMENT:+LTE_RF_CARRIER_COMMON_ADMIN_STATE:+LTE_X_RADISYS_NUM_OF_CELLS:+LTE_TOT_UL_TPT:+LTE_TOT_DL_TPT:+LTE_EXIST_PLMNID_LIST:+LTE_CELL_POWER_SET_ENABLE,success,
mibcli,2025-11-05T14:53:46,getobject,FAP.0.TR196_HISTORY_EVENT,success,
mibcli,2025-11-05T14:53:46,getobject,FAP_LTE.0.LTE_RAN_NEIGH_LIST_LTE_CELL,Failed,Object Not Found
mibcli,2025-11-05T14:53:46,get,FAP_LTE.1.LTE_UL_PRB_RSSI_REPORT_ENABLE,success,
mibcli,2025-11-05T14:53:46,get,FAP_LTE.1.LTE_UL_PRB_USAGE:+LTE_CELL_IDENTITY:+LTE_CELL_POWER_MODIFY:+LTE_PHY_CELLID_LIST:+LTE_EARFCNDL_LIST:+LTE_EARFCNUL_LIST:+LTE_DL_BANDWIDTH:+LTE_FREQ_BAND_INDICATOR:+LTE_DL_PRB_USAGE:+LTE_RF_CARRIER_COMMON_ADMIN_STATE:+LTE_UE_SPEED_STATISTICS:+LTE_TOT_UL_TPT:+LTE_TOT_DL_TPT:+LTE_EXIST_PLMNID_LIST:+LTE_CELL_POWER_SET_ENABLE,success,
mibcli,2025-11-05T14:53:46,get,FAP_LTE.0.LTE_HOME_NODEB_NAME,success,
mibcli,2025-11-05T14:53:46,getobject,FAP_LTE.1.LTE_RAN_NEIGH_LIST_LTE_CELL,Failed,Object Not Found
mibcli,2025-11-05T14:53:46,get,FAP_LTE.1.LTE_HOME_NODEB_NAME,success,
mibcli,2025-11-05T14:53:46,getobject,FAP_LTE.0.LTE_RAN_MOB_IDLE_MODE_INTER_FREQ_CARRIER,Failed,Object Not Found
mibcli,2025-11-05T14:53:47,getobject,FAP_LTE.1.LTE_RAN_MOB_IDLE_MODE_INTER_FREQ_CARRIER,Failed,Object Not Found
mibcli,2025-11-05T14:53:47,getobject,FAP.0.MOCN_CFG,Failed,Object Not Found
mibcli,2025-11-05T14:53:47,getobject,FAP.0.SIMPLE_LBT_STATUS,success,
mibcli,2025-11-05T14:53:47,getobjectinstance,FAP.0.MULTI_CFG,success,
mibcli,2025-11-05T14:53:47,get,FAP_LTE.0.LTE_HOME_NODEB_NAME,success,
mibcli,2025-11-05T14:53:47,get,FAP_LTE.1.LTE_HOME_NODEB_NAME,success,
mibcli,2025-11-05T14:53:47,get,FAP_LTE.0.LTE_TOTCHART_DL_PRB:+LTE_TOTCHART_UL_PRB:+LTE_TOTCHART_DL_TPT:+LTE_TOTCHART_UL_TPT:+LTE_TOT_DL_TPT:+LTE_TOT_UL_TPT:+LTE_UL_PRB_USAGE:+LTE_DL_PRB_USAGE,success,
mibcli,2025-11-05T14:53:47,get,FAP_LTE.1.LTE_TOTCHART_DL_PRB:+LTE_TOTCHART_UL_PRB:+LTE_TOTCHART_DL_TPT:+LTE_TOTCHART_UL_TPT:+LTE_TOT_DL_TPT:+LTE_TOT_UL_TPT:+LTE_UL_PRB_USAGE:+LTE_DL_PRB_USAGE,success,
mibcli,2025-11-05T14:53:50,get,FAP.0.LOCAL_TIMEZONE_OFFSET_TO_GMT,success,
mibcli,2025-11-05T14:53:50,get,FAP.0.LTE_X_RADISYS_CA_ENABLE,success,
mibcli,2025-11-05T14:53:50,get,FAP.0.LOCAL_WEB_TIMEOUT,success,
mibcli,2025-11-05T14:53:50,get,FAP.0.LTE_ENB_NAME_ENABLE:+HALOD_MODE:+HIDE_SENSITIVE_ENABLE:+MANUFACTURER:+UPTIME_STATUS:+LTE_LBO_SWITCH:+MODULE_TYPE:+EX_MODULE_TYPE:+LANGUAGE_CHOOSE:+DUPLEX_MODE:+TR069_SW_VERSION_STRING:+LONG_SERIAL_NUMBER:+LTE_HALOB_ENABLE_STATE:+LTE_X_RADISYS_CA_ENABLE:+LTE_LICENSE_HALOB_SINGLE_MODE_AVAILABLE:+LTE_LICENSE_HALOB_CENTRALIZED_MODE_AVAILABLE:+LMT_PRIMARY_STATUS:+SAS_ENABLE_MODE:,COMMISSIONING.0.UNIT_MAC_ADDRESS,success,
mibcli,2025-11-05T14:53:50,getobject,FAP_LTE.0.LTE_RAN_MOB_IDLE_MODE_INTER_FREQ_CARRIER,Failed,Object Not Found
mibcli,2025-11-05T14:53:50,get,FAP.0.LTE_MME_SHARED_ENABLE:+LTE_MOCN_PLMN_PRIMARY:+LTE_SIMPLE_LBT_ENABLE:+LTE_ENB_TYPE:+HMS_CONNECTED_STATE:+GPS_ANT_STATUS:+TUNNEL_CONFIG1_TUNNELENABLE:+TUNNEL_CONFIG2_TUNNELENABLE:+TUNNEL_CONFIG1_LINK_STATUS:+TUNNEL_CONFIG2_LINK_STATUS:+LTE_POOL_IPSEC1_ADDRESS:+LTE_POOL_IPSEC2_ADDRESS:+MAX_TX_POWER:+TOGGLE_SWITCH:+LTE_LICENSE_DC_AVAILABLE:+LTE_MMELIST_TUNNEL_MAP:+LTE_POOL_MME_LIST1:+LTE_POOL_MME_LIST2:+LTE_LICENSE_CA_AVAILABLE:+LTE_S1SIG_LINK_PORT:+MODULE_TYPE:+MME_IP_INTERFACE:+TFCS_MANAGER_CONFIG_PRIMSRC:+LTE_MME_IP_PLMN_LIST:+SUPPORTED_EXACT_POWER_RANGE:+LTE_MME_PLMN_STATUS:+LTE_S1CON_MODE:+TR069_SW_VERSION_STRING:+LONG_SERIAL_NUMBER:+REM_STATUS:+TFCS_SYNC_MGR_STATE:+LTE_RFTX_OP_STATE:+MME_STATUS:+LTE_LBO_TRANSFER_MODE:+LTE_LBO_SWITCH:+LTE_GET_IMSI_SWITCH:+SFP_STATUS:+SAS_ENABLE_MODE:+LTE_HALOB_ENABLE_STATE:+LTE_LICENSE_HALOB_CENTRALIZED_MODE_AVAILABLE:+LTE_LICENSE_HALOB_SINGLE_MODE_AVAILABLE:+ETH1_STATUS_SPEED:+ETH1_STATUS_LINK_STATUS:+LTE_MME_POOL_ENABLE:+LTE_MMEPOOL1_STATUS:+LTE_MMEPOOL2_STATUS:+WAN_CONFIG1_CONNECT_TYPE:+LTE_X_RADISYS_CA_ENABLE:+SAS_STATUS:+SAS_STATUS2:+SAS_OPERATION_STATUS:+UPTIME_STATUS:+IPSEC_ENABLE:,COMMISSIONING.0.UNIT_MAC_ADDRESS,success,
mibcli,2025-11-05T14:53:50,getobject,FAP.0.TR196_CURRENT_ALARM,success,
mibcli,2025-11-05T14:53:50,get,FAP_LTE.0.LTE_UL_PRB_RSSI_REPORT_ENABLE:+LTE_X_RADISYS_NUM_OF_CELLS,success,
mibcli,2025-11-05T14:53:50,get,FAP_LTE.0.LTE_ENB_TYPE:+LTE_X_RADISYS_NUM_OF_CELLS,success,
mibcli,2025-11-05T14:53:50,getobject,FAP_LTE.1.LTE_RAN_MOB_IDLE_MODE_INTER_FREQ_CARRIER,Failed,Object Not Found
mibcli,2025-11-05T14:53:50,get,FAP_LTE.0.LTE_ENB_TYPE:+LTE_UL_PRB_USAGE:+LTE_UL_PRB_RSSI_REPORT_ENABLE:+LTE_CELL_IDENTITY:+LTE_CELL_POWER_MODIFY:+LTE_PHY_CELLID_LIST:+LTE_EARFCNDL_LIST:+LTE_EARFCNUL_LIST:+LTE_DL_BANDWIDTH:+LTE_FREQ_BAND_INDICATOR:+LTE_TAC:+LTE_DL_PRB_USAGE:+LTE_UE_SPEED_STATISTICS:+LTE_TDD_SPECIAL_SUB_FRAME_PATTERNS:+LTE_TDD_SUBFRAME_ASSIGNMENT:+LTE_RF_CARRIER_COMMON_ADMIN_STATE:+LTE_X_RADISYS_NUM_OF_CELLS:+LTE_TOT_UL_TPT:+LTE_TOT_DL_TPT:+LTE_EXIST_PLMNID_LIST:+LTE_CELL_POWER_SET_ENABLE,success,
mibcli,2025-11-05T14:53:51,getobject,FAP.0.TR196_HISTORY_EVENT,success,
mibcli,2025-11-05T14:53:51,get,FAP_LTE.1.LTE_UL_PRB_RSSI_REPORT_ENABLE,success,
mibcli,2025-11-05T14:53:51,getobject,FAP_LTE.0.LTE_RAN_NEIGH_LIST_LTE_CELL,Failed,Object Not Found
mibcli,2025-11-05T14:53:51,get,FAP_LTE.1.LTE_UL_PRB_USAGE:+LTE_CELL_IDENTITY:+LTE_CELL_POWER_MODIFY:+LTE_PHY_CELLID_LIST:+LTE_EARFCNDL_LIST:+LTE_EARFCNUL_LIST:+LTE_DL_BANDWIDTH:+LTE_FREQ_BAND_INDICATOR:+LTE_DL_PRB_USAGE:+LTE_RF_CARRIER_COMMON_ADMIN_STATE:+LTE_UE_SPEED_STATISTICS:+LTE_TOT_UL_TPT:+LTE_TOT_DL_TPT:+LTE_EXIST_PLMNID_LIST:+LTE_CELL_POWER_SET_ENABLE,success,
mibcli,2025-11-05T14:53:51,get,FAP_LTE.0.LTE_HOME_NODEB_NAME,success,
mibcli,2025-11-05T14:53:51,getobject,FAP_LTE.1.LTE_RAN_NEIGH_LIST_LTE_CELL,Failed,Object Not Found
mibcli,2025-11-05T14:53:51,getobject,FAP_LTE.0.LTE_RAN_MOB_IDLE_MODE_INTER_FREQ_CARRIER,Failed,Object Not Found
mibcli,2025-11-05T14:53:51,get,FAP_LTE.1.LTE_HOME_NODEB_NAME,success,
mibcli,2025-11-05T14:53:51,getobject,FAP_LTE.1.LTE_RAN_MOB_IDLE_MODE_INTER_FREQ_CARRIER,Failed,Object Not Found
mibcli,2025-11-05T14:53:51,getobject,FAP.0.MOCN_CFG,Failed,Object Not Found
mibcli,2025-11-05T14:53:51,getobject,FAP.0.SIMPLE_LBT_STATUS,success,
mibcli,2025-11-05T14:53:52,getobjectinstance,FAP.0.MULTI_CFG,success,
mibcli,2025-11-05T14:53:52,get,FAP_LTE.0.LTE_HOME_NODEB_NAME,success,
mibcli,2025-11-05T14:53:52,get,FAP_LTE.1.LTE_HOME_NODEB_NAME,success,
mibcli,2025-11-05T14:53:52,get,FAP_LTE.0.LTE_TOTCHART_DL_PRB:+LTE_TOTCHART_UL_PRB:+LTE_TOTCHART_DL_TPT:+LTE_TOTCHART_UL_TPT:+LTE_TOT_DL_TPT:+LTE_TOT_UL_TPT:+LTE_UL_PRB_USAGE:+LTE_DL_PRB_USAGE,success,
mibcli,2025-11-05T14:53:52,get,FAP_LTE.1.LTE_TOTCHART_DL_PRB:+LTE_TOTCHART_UL_PRB:+LTE_TOTCHART_DL_TPT:+LTE_TOTCHART_UL_TPT:+LTE_TOT_DL_TPT:+LTE_TOT_UL_TPT:+LTE_UL_PRB_USAGE:+LTE_DL_PRB_USAGE,success,
mibcli,2025-11-05T14:54:01,get,FAP.0.LOCAL_TIMEZONE_OFFSET_TO_GMT,success,
mibcli,2025-11-05T14:54:01,get,FAP.0.LOCAL_WEB_TIMEOUT,success,
mibcli,2025-11-05T14:54:01,get,FAP.0.LTE_ENB_NAME_ENABLE:+HALOD_MODE:+HIDE_SENSITIVE_ENABLE:+MANUFACTURER:+UPTIME_STATUS:+LTE_LBO_SWITCH:+MODULE_TYPE:+EX_MODULE_TYPE:+LANGUAGE_CHOOSE:+DUPLEX_MODE:+TR069_SW_VERSION_STRING:+LONG_SERIAL_NUMBER:+LTE_HALOB_ENABLE_STATE:+LTE_X_RADISYS_CA_ENABLE:+LTE_LICENSE_HALOB_SINGLE_MODE_AVAILABLE:+LTE_LICENSE_HALOB_CENTRALIZED_MODE_AVAILABLE:+LMT_PRIMARY_STATUS:+SAS_ENABLE_MODE:,COMMISSIONING.0.UNIT_MAC_ADDRESS,success,
mibcli,2025-11-05T14:54:01,get,FAP.0.LTE_X_RADISYS_CA_ENABLE,success,
mibcli,2025-11-05T14:54:01,get,FAP.0.LTE_MME_SHARED_ENABLE:+LTE_MOCN_PLMN_PRIMARY:+LTE_SIMPLE_LBT_ENABLE:+LTE_ENB_TYPE:+HMS_CONNECTED_STATE:+GPS_ANT_STATUS:+TUNNEL_CONFIG1_TUNNELENABLE:+TUNNEL_CONFIG2_TUNNELENABLE:+TUNNEL_CONFIG1_LINK_STATUS:+TUNNEL_CONFIG2_LINK_STATUS:+LTE_POOL_IPSEC1_ADDRESS:+LTE_POOL_IPSEC2_ADDRESS:+MAX_TX_POWER:+TOGGLE_SWITCH:+LTE_LICENSE_DC_AVAILABLE:+LTE_MMELIST_TUNNEL_MAP:+LTE_POOL_MME_LIST1:+LTE_POOL_MME_LIST2:+LTE_LICENSE_CA_AVAILABLE:+LTE_S1SIG_LINK_PORT:+MODULE_TYPE:+MME_IP_INTERFACE:+TFCS_MANAGER_CONFIG_PRIMSRC:+LTE_MME_IP_PLMN_LIST:+SUPPORTED_EXACT_POWER_RANGE:+LTE_MME_PLMN_STATUS:+LTE_S1CON_MODE:+TR069_SW_VERSION_STRING:+LONG_SERIAL_NUMBER:+REM_STATUS:+TFCS_SYNC_MGR_STATE:+LTE_RFTX_OP_STATE:+MME_STATUS:+LTE_LBO_TRANSFER_MODE:+LTE_LBO_SWITCH:+LTE_GET_IMSI_SWITCH:+SFP_STATUS:+SAS_ENABLE_MODE:+LTE_HALOB_ENABLE_STATE:+LTE_LICENSE_HALOB_CENTRALIZED_MODE_AVAILABLE:+LTE_LICENSE_HALOB_SINGLE_MODE_AVAILABLE:+ETH1_STATUS_SPEED:+ETH1_STATUS_LINK_STATUS:+LTE_MME_POOL_ENABLE:+LTE_MMEPOOL1_STATUS:+LTE_MMEPOOL2_STATUS:+WAN_CONFIG1_CONNECT_TYPE:+LTE_X_RADISYS_CA_ENABLE:+SAS_STATUS:+SAS_STATUS2:+SAS_OPERATION_STATUS:+UPTIME_STATUS:+IPSEC_ENABLE:,COMMISSIONING.0.UNIT_MAC_ADDRESS,success,
mibcli,2025-11-05T14:54:01,getobject,FAP_LTE.0.LTE_RAN_MOB_IDLE_MODE_INTER_FREQ_CARRIER,Failed,Object Not Found
mibcli,2025-11-05T14:54:01,getobject,FAP.0.TR196_CURRENT_ALARM,Failed,Object Not Found
mibcli,2025-11-05T14:54:01,get,FAP_LTE.0.LTE_ENB_TYPE:+LTE_X_RADISYS_NUM_OF_CELLS,success,
mibcli,2025-11-05T14:54:02,get,FAP_LTE.0.LTE_UL_PRB_RSSI_REPORT_ENABLE:+LTE_X_RADISYS_NUM_OF_CELLS,success,
mibcli,2025-11-05T14:54:02,get,FAP_LTE.0.LTE_ENB_TYPE:+LTE_UL_PRB_USAGE:+LTE_UL_PRB_RSSI_REPORT_ENABLE:+LTE_CELL_IDENTITY:+LTE_CELL_POWER_MODIFY:+LTE_PHY_CELLID_LIST:+LTE_EARFCNDL_LIST:+LTE_EARFCNUL_LIST:+LTE_DL_BANDWIDTH:+LTE_FREQ_BAND_INDICATOR:+LTE_TAC:+LTE_DL_PRB_USAGE:+LTE_UE_SPEED_STATISTICS:+LTE_TDD_SPECIAL_SUB_FRAME_PATTERNS:+LTE_TDD_SUBFRAME_ASSIGNMENT:+LTE_RF_CARRIER_COMMON_ADMIN_STATE:+LTE_X_RADISYS_NUM_OF_CELLS:+LTE_TOT_UL_TPT:+LTE_TOT_DL_TPT:+LTE_EXIST_PLMNID_LIST:+LTE_CELL_POWER_SET_ENABLE,success,
mibcli,2025-11-05T14:54:02,getobject,FAP_LTE.1.LTE_RAN_MOB_IDLE_MODE_INTER_FREQ_CARRIER,Failed,Object Not Found
mibcli,2025-11-05T14:54:02,getobject,FAP.0.TR196_HISTORY_EVENT,success,
mibcli,2025-11-05T14:54:02,get,FAP_LTE.1.LTE_UL_PRB_RSSI_REPORT_ENABLE,success,
mibcli,2025-11-05T14:54:02,get,FAP_LTE.1.LTE_UL_PRB_USAGE:+LTE_CELL_IDENTITY:+LTE_CELL_POWER_MODIFY:+LTE_PHY_CELLID_LIST:+LTE_EARFCNDL_LIST:+LTE_EARFCNUL_LIST:+LTE_DL_BANDWIDTH:+LTE_FREQ_BAND_INDICATOR:+LTE_DL_PRB_USAGE:+LTE_RF_CARRIER_COMMON_ADMIN_STATE:+LTE_UE_SPEED_STATISTICS:+LTE_TOT_UL_TPT:+LTE_TOT_DL_TPT:+LTE_EXIST_PLMNID_LIST:+LTE_CELL_POWER_SET_ENABLE,success,
mibcli,2025-11-05T14:54:02,getobject,FAP_LTE.0.LTE_RAN_NEIGH_LIST_LTE_CELL,Failed,Object Not Found
mibcli,2025-11-05T14:54:02,get,FAP_LTE.0.LTE_HOME_NODEB_NAME,success,
mibcli,2025-11-05T14:54:02,getobject,FAP_LTE.0.LTE_RAN_MOB_IDLE_MODE_INTER_FREQ_CARRIER,Failed,Object Not Found
mibcli,2025-11-05T14:54:02,getobject,FAP_LTE.1.LTE_RAN_NEIGH_LIST_LTE_CELL,Failed,Object Not Found
mibcli,2025-11-05T14:54:02,get,FAP_LTE.1.LTE_HOME_NODEB_NAME,success,
mibcli,2025-11-05T14:54:03,getobject,FAP_LTE.1.LTE_RAN_MOB_IDLE_MODE_INTER_FREQ_CARRIER,Failed,Object Not Found
mibcli,2025-11-05T14:54:03,getobject,FAP.0.MOCN_CFG,Failed,Object Not Found
mibcli,2025-11-05T14:54:03,getobject,FAP.0.SIMPLE_LBT_STATUS,success,
mibcli,2025-11-05T14:54:03,getobjectinstance,FAP.0.MULTI_CFG,success,
mibcli,2025-11-05T14:54:03,get,FAP_LTE.0.LTE_HOME_NODEB_NAME,success,
mibcli,2025-11-05T14:54:03,get,FAP_LTE.1.LTE_HOME_NODEB_NAME,success,
mibcli,2025-11-05T14:54:03,get,FAP_LTE.0.LTE_TOTCHART_DL_PRB:+LTE_TOTCHART_UL_PRB:+LTE_TOTCHART_DL_TPT:+LTE_TOTCHART_UL_TPT:+LTE_TOT_DL_TPT:+LTE_TOT_UL_TPT:+LTE_UL_PRB_USAGE:+LTE_DL_PRB_USAGE,success,
mibcli,2025-11-05T14:54:03,get,FAP_LTE.1.LTE_TOTCHART_DL_PRB:+LTE_TOTCHART_UL_PRB:+LTE_TOTCHART_DL_TPT:+LTE_TOTCHART_UL_TPT:+LTE_TOT_DL_TPT:+LTE_TOT_UL_TPT:+LTE_UL_PRB_USAGE:+LTE_DL_PRB_USAGE,success,
mibcli,2025-11-05T14:54:33,get,FAP.0.LTE_MME_SHARED_ENABLE:+LTE_MOCN_PLMN_PRIMARY:+LTE_SIMPLE_LBT_ENABLE:+LTE_ENB_TYPE:+HMS_CONNECTED_STATE:+GPS_ANT_STATUS:+TUNNEL_CONFIG1_TUNNELENABLE:+TUNNEL_CONFIG2_TUNNELENABLE:+TUNNEL_CONFIG1_LINK_STATUS:+TUNNEL_CONFIG2_LINK_STATUS:+LTE_POOL_IPSEC1_ADDRESS:+LTE_POOL_IPSEC2_ADDRESS:+MAX_TX_POWER:+TOGGLE_SWITCH:+LTE_LICENSE_DC_AVAILABLE:+LTE_MMELIST_TUNNEL_MAP:+LTE_POOL_MME_LIST1:+LTE_POOL_MME_LIST2:+LTE_LICENSE_CA_AVAILABLE:+LTE_S1SIG_LINK_PORT:+MODULE_TYPE:+MME_IP_INTERFACE:+TFCS_MANAGER_CONFIG_PRIMSRC:+LTE_MME_IP_PLMN_LIST:+SUPPORTED_EXACT_POWER_RANGE:+LTE_MME_PLMN_STATUS:+LTE_S1CON_MODE:+TR069_SW_VERSION_STRING:+LONG_SERIAL_NUMBER:+REM_STATUS:+TFCS_SYNC_MGR_STATE:+LTE_RFTX_OP_STATE:+MME_STATUS:+LTE_LBO_TRANSFER_MODE:+LTE_LBO_SWITCH:+LTE_GET_IMSI_SWITCH:+SFP_STATUS:+SAS_ENABLE_MODE:+LTE_HALOB_ENABLE_STATE:+LTE_LICENSE_HALOB_CENTRALIZED_MODE_AVAILABLE:+LTE_LICENSE_HALOB_SINGLE_MODE_AVAILABLE:+ETH1_STATUS_SPEED:+ETH1_STATUS_LINK_STATUS:+LTE_MME_POOL_ENABLE:+LTE_MMEPOOL1_STATUS:+LTE_MMEPOOL2_STATUS:+WAN_CONFIG1_CONNECT_TYPE:+LTE_X_RADISYS_CA_ENABLE:+SAS_STATUS:+SAS_STATUS2:+SAS_OPERATION_STATUS:+UPTIME_STATUS:+IPSEC_ENABLE:,COMMISSIONING.0.UNIT_MAC_ADDRESS,success,
mibcli,2025-11-05T14:54:33,get,FAP_LTE.0.LTE_ENB_TYPE:+LTE_UL_PRB_USAGE:+LTE_UL_PRB_RSSI_REPORT_ENABLE:+LTE_CELL_IDENTITY:+LTE_CELL_POWER_MODIFY:+LTE_PHY_CELLID_LIST:+LTE_EARFCNDL_LIST:+LTE_EARFCNUL_LIST:+LTE_DL_BANDWIDTH:+LTE_FREQ_BAND_INDICATOR:+LTE_TAC:+LTE_DL_PRB_USAGE:+LTE_UE_SPEED_STATISTICS:+LTE_TDD_SPECIAL_SUB_FRAME_PATTERNS:+LTE_TDD_SUBFRAME_ASSIGNMENT:+LTE_RF_CARRIER_COMMON_ADMIN_STATE:+LTE_X_RADISYS_NUM_OF_CELLS:+LTE_TOT_UL_TPT:+LTE_TOT_DL_TPT:+LTE_EXIST_PLMNID_LIST:+LTE_CELL_POWER_SET_ENABLE,success,
mibcli,2025-11-05T14:54:34,get,FAP_LTE.1.LTE_UL_PRB_USAGE:+LTE_CELL_IDENTITY:+LTE_CELL_POWER_MODIFY:+LTE_PHY_CELLID_LIST:+LTE_EARFCNDL_LIST:+LTE_EARFCNUL_LIST:+LTE_DL_BANDWIDTH:+LTE_FREQ_BAND_INDICATOR:+LTE_DL_PRB_USAGE:+LTE_RF_CARRIER_COMMON_ADMIN_STATE:+LTE_UE_SPEED_STATISTICS:+LTE_TOT_UL_TPT:+LTE_TOT_DL_TPT:+LTE_EXIST_PLMNID_LIST:+LTE_CELL_POWER_SET_ENABLE,success,
mibcli,2025-11-05T14:54:34,getobject,FAP_LTE.0.LTE_RAN_MOB_IDLE_MODE_INTER_FREQ_CARRIER,Failed,Object Not Found
mibcli,2025-11-05T14:54:34,getobject,FAP_LTE.1.LTE_RAN_MOB_IDLE_MODE_INTER_FREQ_CARRIER,Failed,Object Not Found
mibcli,2025-11-05T14:54:34,getobject,FAP.0.MOCN_CFG,Failed,Object Not Found
mibcli,2025-11-05T14:54:34,getobject,FAP.0.SIMPLE_LBT_STATUS,success,
mibcli,2025-11-05T14:54:34,getobjectinstance,FAP.0.MULTI_CFG,success,
mibcli,2025-11-05T14:54:34,get,FAP_LTE.0.LTE_HOME_NODEB_NAME,success,
mibcli,2025-11-05T14:54:34,get,FAP_LTE.1.LTE_HOME_NODEB_NAME,success,
mibcli,2025-11-05T14:54:35,get,FAP_LTE.0.LTE_TOTCHART_DL_PRB:+LTE_TOTCHART_UL_PRB:+LTE_TOTCHART_DL_TPT:+LTE_TOTCHART_UL_TPT:+LTE_TOT_DL_TPT:+LTE_TOT_UL_TPT:+LTE_UL_PRB_USAGE:+LTE_DL_PRB_USAGE,success,
mibcli,2025-11-05T14:54:35,get,FAP_LTE.1.LTE_TOTCHART_DL_PRB:+LTE_TOTCHART_UL_PRB:+LTE_TOTCHART_DL_TPT:+LTE_TOTCHART_UL_TPT:+LTE_TOT_DL_TPT:+LTE_TOT_UL_TPT:+LTE_UL_PRB_USAGE:+LTE_DL_PRB_USAGE,success,
mibcli,2025-11-05T14:55:02,get,FAP.0.LOCAL_TIMEZONE_OFFSET_TO_GMT,success,
mibcli,2025-11-05T14:55:02,getobject,FAP.0.TR196_CURRENT_ALARM,Failed,Object Not Found
mibcli,2025-11-05T14:55:02,getobject,FAP.0.TR196_HISTORY_EVENT,success,
mibcli,2025-11-05T14:55:05,get,FAP.0.LTE_MME_SHARED_ENABLE:+LTE_MOCN_PLMN_PRIMARY:+LTE_SIMPLE_LBT_ENABLE:+LTE_ENB_TYPE:+HMS_CONNECTED_STATE:+GPS_ANT_STATUS:+TUNNEL_CONFIG1_TUNNELENABLE:+TUNNEL_CONFIG2_TUNNELENABLE:+TUNNEL_CONFIG1_LINK_STATUS:+TUNNEL_CONFIG2_LINK_STATUS:+LTE_POOL_IPSEC1_ADDRESS:+LTE_POOL_IPSEC2_ADDRESS:+MAX_TX_POWER:+TOGGLE_SWITCH:+LTE_LICENSE_DC_AVAILABLE:+LTE_MMELIST_TUNNEL_MAP:+LTE_POOL_MME_LIST1:+LTE_POOL_MME_LIST2:+LTE_LICENSE_CA_AVAILABLE:+LTE_S1SIG_LINK_PORT:+MODULE_TYPE:+MME_IP_INTERFACE:+TFCS_MANAGER_CONFIG_PRIMSRC:+LTE_MME_IP_PLMN_LIST:+SUPPORTED_EXACT_POWER_RANGE:+LTE_MME_PLMN_STATUS:+LTE_S1CON_MODE:+TR069_SW_VERSION_STRING:+LONG_SERIAL_NUMBER:+REM_STATUS:+TFCS_SYNC_MGR_STATE:+LTE_RFTX_OP_STATE:+MME_STATUS:+LTE_LBO_TRANSFER_MODE:+LTE_LBO_SWITCH:+LTE_GET_IMSI_SWITCH:+SFP_STATUS:+SAS_ENABLE_MODE:+LTE_HALOB_ENABLE_STATE:+LTE_LICENSE_HALOB_CENTRALIZED_MODE_AVAILABLE:+LTE_LICENSE_HALOB_SINGLE_MODE_AVAILABLE:+ETH1_STATUS_SPEED:+ETH1_STATUS_LINK_STATUS:+LTE_MME_POOL_ENABLE:+LTE_MMEPOOL1_STATUS:+LTE_MMEPOOL2_STATUS:+WAN_CONFIG1_CONNECT_TYPE:+LTE_X_RADISYS_CA_ENABLE:+SAS_STATUS:+SAS_STATUS2:+SAS_OPERATION_STATUS:+UPTIME_STATUS:+IPSEC_ENABLE:,COMMISSIONING.0.UNIT_MAC_ADDRESS,success,
mibcli,2025-11-05T14:55:05,get,FAP_LTE.0.LTE_ENB_TYPE:+LTE_UL_PRB_USAGE:+LTE_UL_PRB_RSSI_REPORT_ENABLE:+LTE_CELL_IDENTITY:+LTE_CELL_POWER_MODIFY:+LTE_PHY_CELLID_LIST:+LTE_EARFCNDL_LIST:+LTE_EARFCNUL_LIST:+LTE_DL_BANDWIDTH:+LTE_FREQ_BAND_INDICATOR:+LTE_TAC:+LTE_DL_PRB_USAGE:+LTE_UE_SPEED_STATISTICS:+LTE_TDD_SPECIAL_SUB_FRAME_PATTERNS:+LTE_TDD_SUBFRAME_ASSIGNMENT:+LTE_RF_CARRIER_COMMON_ADMIN_STATE:+LTE_X_RADISYS_NUM_OF_CELLS:+LTE_TOT_UL_TPT:+LTE_TOT_DL_TPT:+LTE_EXIST_PLMNID_LIST:+LTE_CELL_POWER_SET_ENABLE,success,
mibcli,2025-11-05T14:55:05,get,FAP_LTE.1.LTE_UL_PRB_USAGE:+LTE_CELL_IDENTITY:+LTE_CELL_POWER_MODIFY:+LTE_PHY_CELLID_LIST:+LTE_EARFCNDL_LIST:+LTE_EARFCNUL_LIST:+LTE_DL_BANDWIDTH:+LTE_FREQ_BAND_INDICATOR:+LTE_DL_PRB_USAGE:+LTE_RF_CARRIER_COMMON_ADMIN_STATE:+LTE_UE_SPEED_STATISTICS:+LTE_TOT_UL_TPT:+LTE_TOT_DL_TPT:+LTE_EXIST_PLMNID_LIST:+LTE_CELL_POWER_SET_ENABLE,success,
mibcli,2025-11-05T14:55:05,getobject,FAP_LTE.0.LTE_RAN_MOB_IDLE_MODE_INTER_FREQ_CARRIER,Failed,Object Not Found
mibcli,2025-11-05T14:55:05,getobject,FAP_LTE.1.LTE_RAN_MOB_IDLE_MODE_INTER_FREQ_CARRIER,Failed,Object Not Found
mibcli,2025-11-05T14:55:05,getobject,FAP.0.MOCN_CFG,Failed,Object Not Found
mibcli,2025-11-05T14:55:05,getobject,FAP.0.SIMPLE_LBT_STATUS,success,
mibcli,2025-11-05T14:55:05,getobjectinstance,FAP.0.MULTI_CFG,success,
mibcli,2025-11-05T14:55:05,get,FAP_LTE.0.LTE_HOME_NODEB_NAME,success,
mibcli,2025-11-05T14:55:05,get,FAP_LTE.1.LTE_HOME_NODEB_NAME,success,
mibcli,2025-11-05T14:55:06,get,FAP_LTE.0.LTE_TOTCHART_DL_PRB:+LTE_TOTCHART_UL_PRB:+LTE_TOTCHART_DL_TPT:+LTE_TOTCHART_UL_TPT:+LTE_TOT_DL_TPT:+LTE_TOT_UL_TPT:+LTE_UL_PRB_USAGE:+LTE_DL_PRB_USAGE,success,
mibcli,2025-11-05T14:55:06,get,FAP_LTE.1.LTE_TOTCHART_DL_PRB:+LTE_TOTCHART_UL_PRB:+LTE_TOTCHART_DL_TPT:+LTE_TOTCHART_UL_TPT:+LTE_TOT_DL_TPT:+LTE_TOT_UL_TPT:+LTE_UL_PRB_USAGE:+LTE_DL_PRB_USAGE,success,
mibcli,2025-11-05T14:55:09,get,FAP.0.LTE_ENB_NAME_ENABLE:+HALOD_MODE:+HIDE_SENSITIVE_ENABLE:+MANUFACTURER:+UPTIME_STATUS:+LTE_LBO_SWITCH:+MODULE_TYPE:+EX_MODULE_TYPE:+LANGUAGE_CHOOSE:+DUPLEX_MODE:+TR069_SW_VERSION_STRING:+LONG_SERIAL_NUMBER:+LTE_HALOB_ENABLE_STATE:+LTE_X_RADISYS_CA_ENABLE:+LTE_LICENSE_HALOB_SINGLE_MODE_AVAILABLE:+LTE_LICENSE_HALOB_CENTRALIZED_MODE_AVAILABLE:+LMT_PRIMARY_STATUS:+SAS_ENABLE_MODE:,COMMISSIONING.0.UNIT_MAC_ADDRESS,success,
mibcli,2025-11-05T14:55:10,get,FAP_LTE.0.LTE_ENB_TYPE:+LTE_X_RADISYS_NUM_OF_CELLS,success,
mibcli,2025-11-05T14:55:10,get,FAP_LTE.0.LTE_HOME_NODEB_NAME,success,
mibcli,2025-11-05T14:55:10,get,FAP_LTE.1.LTE_HOME_NODEB_NAME,success,
mibcli,2025-11-05T14:55:10,set,FAP.0.LTE_LOG_FLUSH_ENABLE:=1,success,
